117.120.2.17_19.19.19.33,131696,119378,13752,92454,4584,13955,348180,62394,24448,162788,53604,38364,176216,92252,97986,48696,85978,61908,53226,87182,81502,63598,48750,97716,95146,34226,90292,94930,69926,57756,85708,88926,54646,71400,84234,85152,90346,57918,78176,71454,159052,68398,105572,74510,88764,53064,82676,82652,63760,74456,91820,56120,91820,59176,99514,75984,90346,65288,57648,116376,53064,65288,97932,77512,88764,62340,93348,65288,91820,75984,62232,101150,87236,54700,77512,97932,66816,71400,84288,101042,74456,69872,88764,60758,91928,83732,93402,80568,108628,82096,66870,88764,71130,56120,71400,96404,100988,66816,89736,104098,62232,51590,105572,93456,65396,88208,93402,82150,93402,68398,84288,88208,90292,95848,74456,102570,101150,79094,54592,81232,82760,47924,90400,88818,99838,56282,53118,87290,90292,41812,85708,88764,53172,53118,90400,88872,63814,59230,85708,62232,100988,89844,91874,57648,110156,63814,66924,90346,102624,66816,60704,93348,74564,69872,84342,97932,82096,62232,93402,72928,87290,60704,63760,97932,99622,56834,68398,82760,102678,53280,113266,66816,96512,57648,71400,81178,53064,57648,91874,96404,60704,85152,97932,80568,108628,63868,76146,107100,123962,91264,74456,119324,72982,60704,88926,99460,63760,57702,97932,57648,82706,72928,98094,82204,131656,62286,57648,88764,88818,80568,63814,87398,53064,63760,85708,72928,81124,54592,108628,88208,93402,72928,79094,123962,62232,57648,96458,96404,63760,53172,85816,69926,98094,56120,100988,92846,104044,92792,48642,117850,108682,66816,69872,87344,79704,26532,81286,97932,62232,56120,93348,68344,94876,102014,117904,68344,88764,60704,65288,91820,60758,57648,100988,68344,104044,66816,85816,77512,94876,69872,77812,97986,91982,69872,71400,117904,90400,44868,82706,113266,74456,95956,87290,79704,60758,60758,133076,75984,102516,76038,79704,75984,107208,80568,66816,81178,103488,79040,90346,90292,
122.152.116.24_19.19.19.20,107770,6112,293942,15064,91496,12224,229820,87290,82096,28924,134404,99624,56444,74024,82868,77566,77350,72226,85816,79094,62340,87236,88818,54862,65396,85762,53118,88872,88208,85924,57702,85708,63976,82760,75174,79148,57756,90454,104152,77620,66870,99568,97986,79094,53118,87290,94870,101042,77512,85708,51590,84234,74456,74456,94930,79758,53226,77674,84288,108736,69872,56174,79704,99514,82204,80676,102570,75390,65288,85924,80568,96458,72982,74510,125436,102570,60704,53064,79650,68344,60704,93510,99514,57756,51644,87452,88926,88926,35700,93402,94876,57648,97376,117850,69980,84234,54646,90400,105016,125544,59284,101042,59176,94984,94320,79094,110210,87344,66816,51590,97986,56228,92198,79758,69926,88764,54592,54646,90346,59230,108844,77620,85816,100988,82150,57702,110264,85206,59230,90400,116268,57756,77566,76810,82814,59176,71400,93348,78284,68452,54592,94984,114848,59230,83678,90346,98094,73808,34226,93402,98040,74564,60704,96512,113320,60812,77566,105788,91820,63760,57702,84180,90400,62286,62232,90346,69926,125544,72928,104206,62340,90346,59176,75984,82982,91928,59230,54592,82760,87344,85152,103488,96404,74456,56174,81286,93564,99012,54700,94984,101096,69872,70034,101096,99676,95092,71454,57756,84288,107154,71400,88262,88764,86734,63814,111792,81286,60758,71508,79650,79758,59284,57810,82652,93456,60758,54646,81124,97986,71400,60758,108682,59176,93348,62232,71454,82760,102516,58026,98094,82204,90346,68344,66870,91982,94930,79040,86734,100988,99622,89790,68398,84288,91982,71508,62286,85762,85816,86842,66816,88764,85924,95848,60758,119324,74510,63760,88872,82706,60812,59230,113266,65288,85924,76038,102624,65288,84288,62340,82706,56120,104152,60758,92036,68452,97932,79040,93402,59176,90292,66816,51590,93402,69872,76092,93456,85762,69872,79094,91820,68344,91928,68398,93348,54592,85816,66816,60758,104206,114794,
130.133.3.130_19.19.19.12,48512,55247,66270,68812,18336,34150,69440,24448,65720,208158,175194,91928,62178,79704,70034,94714,53334,95038,101798,56282,90292,102516,63868,59176,87236,66816,91264,110156,57702,97986,68344,91874,56120,99568,66816,59230,79596,82760,83624,69980,104044,69926,59230,84396,93348,68344,56174,82652,73916,87398,46396,87290,102516,65288,72982,87290,108736,54646,72928,84180,74510,85762,57648,66870,99460,90346,60704,59176,84288,63760,60704,79596,59176,94876,72928,60758,114740,111684,68398,88262,96458,54700,91264,96404,108736,60758,82150,88872,85762,66816,92792,122434,105070,97932,51644,86734,108628,110156,59176,57648,84234,54592,69926,79650,56120,93402,79094,87344,72226,54700,66924,82706,69872,90400,66816,82706,62340,99460,71508,104152,57756,82760,60758,99514,68344,99568,73090,88872,72928,96458,59176,68344,99568,91928,92846,65342,123908,54646,63382,66762,97932,93348,71454,59230,101042,80568,59230,94876,63760,87290,79040,88818,91318,97986,72982,81286,60704,107100,53442,87398,62232,93348,57648,68398,93402,100988,85260,65450,113212,91928,35700,99568,90400,57648,71400,90292,90346,57756,71508,90346,76756,57648,80622,76648,86680,60704,41488,3056,196742,84666,74402,15172,29032,217164,69926,75660,87236,67804,75552,67140,78122,81232,29588,82652,73754,73700,46342,85708,88764,66816,71400,82652,85152,113212,66816,66870,96458,84234,72982,68398,90292,57702,56120,84180,77512,87236,62340,88764,74564,85924,54754,84234,66816,79596,57648,68344,85816,102624,74456,62286,84180,89736,89736,93402,78122,72928,68398,82652,82096,90292,56120,63814,100988,74456,105016,84180,56120,87236,62286,85762,69980,102516,69872,62232,111684,116322,60866,80622,102624,122380,69980,56174,81178,54646,74510,84180,81286,56174,88208,79650,68398,85870,69926,107208,81232,62232,69872,85762,59176,94876,59176,63760,85708,71400,62286,88764,84342,63922,57648,84234,
130.161.131.20_19.19.19.21,350848,56174,60240,117546,102138,87709,53064,49074,58242,32698,165790,96676,96458,57864,77350,115118,103990,44328,80298,85708,104260,70142,62286,88872,62286,92036,98850,84234,68344,93456,69872,59230,91874,91928,69926,60704,78176,124016,57702,75984,111738,68398,63814,94984,104098,103818,71676,72442,85870,100988,65342,56120,102570,68344,69872,113266,85152,90292,94320,117796,83624,97932,72982,75984,85708,68344,56120,84180,59284,102570,54592,99568,69926,84180,54592,56120,87236,68344,72982,99514,78176,56120,75984,93348,69926,87344,62232,91928,62286,90346,68452,88872,75984,93348,97376,60758,98094,87290,82150,85152,97986,110264,52508,113212,96404,72928,56120,93456,79094,81178,69926,116322,81556,59230,60704,87290,60704,96512,66816,82706,74564,96458,59230,93456,68398,82760,71508,77566,90292,85708,54646,60704,84342,108126,87398,86734,96404,60866,95092,63814,76648,81178,28060,88818,87236,68398,94428,88818,81232,57702,53118,82814,88818,54646,57702,105734,87344,65288,53064,91874,82150,126964,60704,87398,99234,111684,74510,77566,87236,63814,59176,88764,65288,113740,72928,40122,13752,220142,77080,63436,56174,82922,57648,78284,88100,4476,128346,87182,56282,76918,86302,87452,77512,95200,66654,85098,76648,72442,80460,65126,99730,105734,65288,60704,101096,63760,62232,105572,94876,65396,77512,120906,62286,87344,60704,111738,56120,95038,62286,77512,90400,101042,56174,72928,97932,71454,63760,85708,102678,69872,69980,105734,96404,76038,60812,98040,66816,91820,66816,79650,57702,90292,54646,62340,81178,142244,44868,117580,74402,94876,60704,68344,88764,79758,68398,56228,98040,93402,59284,68506,117796,82760,72928,54754,130128,87344,85260,69926,91928,88764,62340,54754,100988,68398,93510,76092,84342,101042,68452,66924,96458,79650,60758,85314,96512,65288,82096,96404,87236,66816,60704,93348,54646,95470,56174,81124,68344,91874,71400,85708,
130.206.1.5_19.19.19.35,102158,314223,93564,94984,79148,81028,9168,74240,90562,166940,69818,133184,87722,74078,59176,87074,56120,69926,110318,56174,78392,66762,114740,99676,56282,86518,108736,74456,94984,63760,74456,82652,84234,47870,90292,88764,54646,69872,60704,21392,164046,84666,81340,63598,70806,86356,57918,85816,59014,63760,97932,87236,56120,69872,104044,54646,72388,92306,63760,82814,85260,63598,89034,96404,77566,85206,130074,57756,81232,63706,85762,83678,82760,85152,62232,87236,114794,71400,89736,97932,71400,82150,99514,59176,79704,66870,82760,53064,81232,76092,107100,65396,75390,59176,114740,57648,104098,80568,79758,71454,87290,83786,69926,87236,88764,57648,65288,85708,53064,63760,88818,62340,78392,62340,119324,57648,99460,54646,95146,62232,81178,68344,85762,65288,88818,62232,69926,102516,90400,37228,102516,98040,53118,82096,93348,90454,54646,54700,82760,85762,72982,85152,119324,66816,85762,56120,60758,88818,93348,73036,75984,99460,51590,88208,79812,108682,71400,63760,107100,63760,104098,80568,74456,105626,87344,80676,69872,98202,96566,62286,87452,60758,78122,77620,71400,96458,79596,65288,75984,104098,111128,102014,93402,71454,90400,97376,93510,90400,68344,65342,96404,60704,94320,85924,60704,82706,91820,80676,82150,114740,98040,71508,80622,79596,62286,56228,90346,99514,75984,62286,85762,68344,71238,99622,93456,60704,63814,104044,66870,96458,69872,62340,97986,81124,57648,86680,99568,72982,79866,60596,79812,60704,85870,59176,99622,62232,75498,96890,91264,85762,62232,88764,56120,88818,56120,68344,93348,82096,96890,84720,82096,88764,83030,46018,99460,100988,54592,60758,92036,79650,66924,59230,100988,56228,56120,91982,102570,85152,82150,102570,71760,87290,65396,84234,68344,78176,58960,73808,73090,100988,66816,56120,88872,82760,72928,59230,81232,96512,63760,66816,87236,65396,57702,77026,93402,90292,72982,76038,78554,94930,
130.225.254.116_19.19.19.8,271842,110398,75554,102378,110534,78824,59379,85762,84774,71022,54754,90508,118174,77404,59176,88818,76810,89574,56012,88872,53280,56120,96458,75390,79812,101960,114184,102624,85816,55510,84288,82760,57702,62286,79758,99460,56120,74564,96458,107154,80622,68560,96404,63814,84234,59284,94876,89416,56282,71400,91928,87344,63868,59230,90346,84234,66870,65342,91820,54646,93456,56120,117796,76092,79812,60812,82706,63760,93510,56120,91928,82204,84396,53226,93348,68344,110156,62232,57702,120960,81124,54592,71400,87290,71508,54646,90400,78284,69926,56120,88764,99568,68398,75552,59176,94876,57702,59230,116376,101096,57810,85816,59284,85870,113320,79040,60758,128546,107262,102068,63976,87290,102624,70088,77566,93456,84342,63760,104314,65342,104206,51644,84288,56174,99514,54646,66816,99514,87344,59230,80568,90292,57756,90454,63814,88872,62232,51590,123962,94984,74456,56174,119324,74510,85816,56390,101042,88872,56174,89790,128600,79040,87236,63760,128546,69980,93456,65342,60758,85870,96404,59176,56120,96566,84288,70034,62340,82760,82922,85260,96566,65396,82760,62232,107154,59230,88764,60704,77566,93402,82976,65072,68344,88818,79040,82150,76648,82652,66870,74672,96458,65288,96458,68452,82814,94984,57648,59230,97932,71454,97932,63814,63814,91874,85762,67538,69872,96566,90400,69872,56174,104098,71508,85152,101042,81124,53118,53118,82706,65288,107154,62232,76648,77566,90346,63760,57648,84234,82706,55564,90346,96404,76092,76038,98040,81232,62286,62286,117796,68344,90400,57648,81286,59230,79920,65126,94876,74456,72604,72874,81124,62340,88764,88262,165218,74456,82760,62232,69926,92090,105626,56120,63814,116376,78392,97052,91264,78392,90346,62232,66978,104206,104152,91372,71508,116322,130020,105178,56228,82814,87344,53118,86680,104098,105788,75984,69872,105680,56120,53064,96458,85762,86734,57702,73970,87236,71454,94320,127180,90400,
130.236.254.50_19.19.19.37,112034,12640,26856,6112,20288,335750,43448,90940,134674,72982,84612,63760,101042,103032,39960,82760,87182,53118,79094,88980,82814,74672,105842,74402,143934,69872,75984,88872,94876,62340,72928,94930,82204,114848,97484,93402,54700,96458,60758,85816,71400,82760,65342,68344,111684,104206,76344,71638,60758,120906,63760,90346,94374,121014,98958,68344,85708,84234,103488,80622,97986,79094,83624,111684,107208,68452,68398,105626,79866,69926,65450,88818,97932,63814,63814,94930,63760,104152,57756,87236,65288,81124,91264,60758,94876,95092,66924,73090,105626,95038,71454,56174,90454,82652,80622,66816,93402,57702,72928,87344,93564,76648,43340,84180,90346,57648,79202,85870,79758,63814,57702,91982,114740,77620,50116,90454,76702,90454,51590,68506,93402,91982,69872,62340,88926,96512,59230,59230,95038,65288,76038,82760,88818,69872,60812,78176,84234,60758,72928,84396,82706,69872,66924,100988,77512,94930,59230,81286,63760,88872,54700,102678,69926,102570,59230,68344,82760,79758,66870,57702,111738,107100,60812,62286,100988,91982,31116,95068,101042,62340,66816,85870,82760,71400,65288,90346,69872,96512,54592,93510,69926,94930,69926,76918,96512,60758,53172,93510,78122,68398,59230,93348,59230,90346,72982,107154,98958,78176,79148,76038,79596,97986,68398,65450,76702,84288,79040,66816,87236,76038,74510,111792,105626,65342,60758,105626,96512,60704,66870,114740,62286,78176,80568,82652,65288,81286,68344,54754,82706,94984,105070,65342,78230,97986,80622,66816,85870,94876,94428,91318,85762,92036,86734,57756,81340,85816,71400,56174,76918,93456,63814,63814,82706,87398,91318,86680,90508,85870,63922,87290,59230,111900,59230,91928,63868,82814,69926,88764,72982,114794,79094,62232,78176,96404,62286,70034,87344,78176,72928,65288,87344,53064,98958,76702,85816,102732,98958,56174,102570,74510,75984,90346,81178,60758,57810,91928,110156,94428,60758,97986,
137.189.4.14_19.19.19.15,33672,13285,9222,31033,12857,23360,37806,40122,30560,233956,144474,34658,118352,131996,86680,120852,80784,96350,66870,59284,81070,84342,70088,66816,78176,79758,65180,59446,88764,95038,71508,59392,130020,108736,60812,54646,119324,101096,54754,88262,88818,116376,43340,88818,99568,85206,85428,84234,113266,56120,62286,82652,51698,104098,59284,113266,82096,82706,56174,56174,87344,96458,60704,57648,85708,54646,60758,82760,84180,69980,71562,78176,85762,74456,62286,90292,100432,97986,69872,86680,119324,90292,79094,80568,82814,96512,71562,83678,94984,87290,38756,79650,88818,76038,53118,107208,85762,60866,57756,76648,93402,69980,79094,81448,88818,65342,57702,108736,87290,53226,77512,127018,94930,65342,66816,99460,57648,85816,74456,81448,57756,81232,66870,96404,66816,91820,63814,72928,81232,93348,46396,82706,101096,76038,91264,102516,78230,85152,69980,101042,57702,82652,56174,85762,91318,102570,74456,105788,63814,81124,60812,76092,102570,85762,66924,79094,99514,79812,56174,53064,90346,91982,65450,80622,81232,81178,72928,88208,90400,77512,71454,94876,101042,57648,63868,104044,66924,78122,68344,88872,59176,125436,79040,68020,63814,38702,18718,13752,244062,83192,66870,88764,106992,51698,68344,88926,72820,75390,75930,98148,76038,102678,62232,85762,70648,87236,53064,75984,88764,75984,69872,84288,85708,77512,60758,85762,59230,120906,65288,85708,63760,97932,74456,62286,84288,104152,54036,93348,119432,57756,60758,108682,87398,72982,82150,85816,85708,59230,74456,93348,63760,90292,59176,53118,85870,81124,74456,72928,80136,122488,85206,65288,88764,101042,71400,62232,81232,57648,75984,87290,93456,88262,74456,88872,63760,107100,89844,104044,65288,84342,71454,72928,81178,87236,56174,74456,88872,83624,74510,96566,120906,56120,69872,88926,110264,60704,79040,116268,83678,104044,59230,85152,85762,84180,44868,87290,84234,48642,90508,74510,
140.117.11.7_19.19.19.39,63074,81487,31602,223978,234614,149440,93564,79364,21068,138934,114848,102014,112710,82760,81178,69818,76092,78176,57648,92144,86410,95092,71508,98202,60488,81178,65288,111846,71292,57756,93510,113374,83570,71400,94930,79704,86680,59176,110156,85206,60704,93402,73036,91982,72928,110210,65288,79650,56228,96404,68506,82652,60812,57702,96458,87236,63760,59176,81178,57756,57648,93348,87398,83678,76038,90400,87290,60704,65450,93402,104152,74564,55036,87290,65396,102516,56174,84234,94374,94984,63868,82706,74456,94930,56174,74510,91874,98040,62232,69980,96458,57702,53064,82760,85816,63868,57702,82706,93348,72982,65450,116430,107100,66816,56120,87290,63760,128546,88208,62340,81232,96566,77566,59176,120852,96512,60704,54646,85870,92792,56174,87290,125436,59338,77620,85762,78176,65288,62232,91928,90400,59230,94374,90400,68398,88764,60812,94984,57648,97932,91372,81232,76092,85816,88208,66816,94930,85870,65396,72982,94930,85708,53118,60758,81340,84288,63760,53064,96404,71400,54646,94876,59284,105626,74510,87398,56174,93348,65342,98040,71454,116322,59230,71508,93456,81124,71400,56228,90400,93402,54592,80622,93402,85870,85260,62286,88764,69926,63814,105626,119432,83624,66924,101096,85762,54700,83678,87236,68398,78122,56282,104152,65288,101042,53118,91928,69872,87236,62340,60704,82706,82706,62286,59284,85762,71508,88262,104098,81124,54592,56174,96566,88926,63814,66816,81124,53064,88818,63814,94984,63814,85816,88208,86734,87290,113266,59230,76038,90346,66816,63760,85762,87290,53118,66870,104098,62232,91928,65288,82868,62286,99460,68398,79704,86734,82706,69926,65288,90454,87344,71454,59230,88818,105626,59338,80622,99514,81124,59230,51590,85816,62232,73036,87290,108682,76092,74564,90292,87290,80568,62394,76648,54592,88872,72982,116322,76038,177496,94320,97986,77512,67858,19864,145478,79650,69386,63382,74348,101258,101420,
140.128.9.18_19.19.19.38,56386,27504,55726,32088,7640,242100,80762,115080,142426,75702,12224,162734,78392,93510,98094,78878,57702,110210,63760,65288,88980,98094,60704,59176,102516,71238,78284,68344,83624,110210,101042,92846,72928,90292,59338,46450,128778,91874,90832,77512,62448,105518,84450,62070,71400,108790,66816,51590,106938,57648,81124,63976,78176,71400,111684,76038,56120,90292,57648,63760,82652,71454,90292,65288,63760,107100,97932,65288,66816,101042,60704,62232,90292,68344,93348,83624,62232,102516,75984,72982,88764,94984,56174,68398,90292,87344,89736,72928,81178,79094,93078,100540,94428,103666,68398,53118,76702,63760,91712,69872,91820,53280,90292,100432,75984,116268,75984,71400,105734,87290,59230,54700,90670,85816,86680,97376,102570,59176,87290,74456,91820,65396,79650,54646,75984,91820,100988,44868,85708,88764,65288,79148,93402,63868,107100,59176,90292,63868,84180,69872,80568,142244,83624,65288,90292,82706,59176,83678,93348,65288,79596,69872,59230,81178,54592,54646,85708,75282,77566,60812,88764,104044,62232,69872,91874,63868,90400,65342,78446,110156,74510,65450,93348,86680,98208,24394,27072,204966,78716,90832,96512,54700,85600,55402,96566,98094,69980,76092,105680,111792,72766,73144,85762,85816,80568,53064,73700,80568,94930,62232,87236,88208,113266,62232,60704,23800,15280,184932,97932,86086,90454,68506,54646,88710,77512,62232,90454,71292,93510,60704,91928,68452,90346,94320,66816,93402,93348,66870,69872,81286,62340,57648,96458,111684,83624,80622,88872,72928,93510,83678,97932,66816,84234,88262,56120,91820,60704,79040,96188,56120,47384,19432,155884,103828,62232,66816,88710,85924,66708,51590,79812,57648,87074,62232,63760,87398,90346,47708,84234,87452,59176,57756,108682,62232,82706,72928,84180,57648,91928,56174,60704,88818,88818,49452,108628,111684,63760,80568,97932,65288,84288,57648,77512,82814,100826,62232,57810,73862,85708,63814,
141.217.0.199_19.19.19.47,234990,50710,1528,7640,250195,149738,44760,45246,25976,22920,65866,39892,332028,53064,81286,111792,79094,57594,81178,59176,71454,98040,116322,57702,62232,84234,63814,93456,59338,99514,68398,82814,63760,90292,62232,93402,59284,72928,87398,78230,80568,60704,91874,99622,72982,72982,92204,92198,54646,54700,84234,82652,73036,51644,105680,88872,60704,57702,91820,65288,65342,102516,101096,68344,76038,91982,81178,65342,65396,99622,90346,57648,59230,91820,63760,116268,68344,60704,117796,69872,75984,88926,88926,74456,62286,90346,78230,68344,57702,85708,80622,82652,75984,88208,78122,96566,54592,54646,84180,93402,57756,62286,113320,68398,68398,99460,108682,63760,95956,117796,57702,93348,72928,87344,92846,110210,80676,71400,87398,110372,60758,72928,93348,82760,82150,59230,88764,69872,82150,91874,99460,85260,68506,93510,90346,66816,85152,101042,92144,85206,59284,90400,98040,59230,83678,90346,59176,93456,80622,81178,56120,85762,54700,88980,88316,82706,54592,128492,53118,87236,68344,97430,93402,111846,59176,64090,79812,84288,85206,65396,82814,78230,66870,54592,72556,116268,72928,69872,88872,78176,54646,60704,111738,67858,71400,59176,88926,99460,51644,51590,82652,60812,72928,94984,99514,56228,56174,82760,84288,65288,59230,82814,114794,85152,66064,90292,72982,91820,65342,101042,63760,85762,59176,68398,84234,102570,43340,79650,91820,56174,72928,84234,63868,85816,69872,88872,68344,119432,50440,99622,107100,69872,82150,114740,51644,105734,132682,90292,79148,90346,79040,69872,97932,88818,120296,56120,87290,71454,57702,85762,90292,59230,76038,81124,79040,87344,60758,102570,59284,102516,77566,59230,87236,69872,60758,87344,84342,79040,76864,62340,104812,104098,65288,59230,94876,71400,63760,81178,85708,57702,57702,91928,87344,54592,92846,104098,65288,105626,68344,60758,104152,75984,91928,80568,87236,98148,57648,62232,84288,63760,
147.102.222.211_19.19.19.14,41368,198030,6112,311798,92460,81988,40824,86464,142260,34732,1528,175514,73970,75228,77404,81178,83138,60650,63814,85870,66816,57648,87074,88764,48804,56066,82706,77566,107262,80406,79040,125436,85816,60758,62232,91874,86734,91264,111738,72928,82760,82150,111738,95092,63760,75984,99820,62394,85762,59176,57648,82706,79704,65288,68344,81124,62232,63760,81232,90292,69926,65288,87344,77512,84180,80568,96566,72496,62232,65288,99514,63760,97932,88208,79094,90292,99460,47924,105572,102516,66816,68452,85708,50116,94930,80622,98094,74510,102570,59176,94930,88262,113266,86680,80622,97932,89736,59176,102570,82760,74564,71562,122488,99460,65288,68398,85708,108790,57702,62232,78122,63814,105626,62232,88926,69872,102732,89790,62232,98094,88872,65342,87344,56120,90292,59230,72928,96458,77566,82814,62232,93348,73090,88980,68344,101096,88262,94374,81232,120960,59176,57810,84234,79704,54700,68452,91874,107154,69872,108072,82706,83624,99622,63868,128546,73036,94930,50116,96458,60704,117850,94374,71454,101096,97932,66870,72982,95230,94984,60704,56228,95038,80082,86302,66816,90292,57702,58296,52508,168468,74294,70860,57810,102408,59230,53172,91820,104260,84558,72820,56120,83138,84558,80082,68344,104044,59176,65288,136294,96404,49020,75444,76702,87668,92846,57702,101042,59284,104206,71292,75174,62286,101096,63652,59176,82652,113266,87598,79650,94876,72982,63814,85708,85870,56174,60704,90292,72928,93456,63814,86680,98148,148410,72982,68344,87290,110210,71400,59176,78230,74510,57648,102570,90508,72982,59230,82706,122434,50116,73916,59176,87290,63760,59230,136186,93348,53172,62232,85762,68506,91874,60758,79650,71400,72766,96620,62232,99460,117796,41866,111684,100988,57756,62286,81178,96512,52508,96566,113266,88980,62340,63814,88818,99622,68452,62394,108682,114794,97376,83678,98094,98094,54090,106290,72982,101042,62286,57864,119216,90292,
153.19.251.225_19.19.19.28,254310,111600,56382,186815,57572,19486,113984,106236,100988,66870,113266,68344,122812,66546,74294,76810,79920,100000,54862,119432,111900,72766,50278,82652,90454,44760,100988,95038,53118,56120,111738,88872,62232,57648,113212,57648,87236,57648,98958,108790,90346,66816,63814,97986,65288,65288,89232,96566,57756,60758,91820,110156,82150,85152,100988,53064,94984,80568,65288,97986,81124,31116,90292,93348,56120,85152,93402,71400,78176,59176,53064,104044,104044,60758,80568,90292,68344,57648,87290,69872,85816,65288,94930,82204,88980,59176,108682,62232,94930,65288,62232,87236,63760,85152,108628,72928,101096,92792,79650,66924,97932,63814,56120,93348,88764,34172,82652,110156,65396,82096,79812,85762,66924,56174,90292,71400,99514,68344,104098,76038,88764,54646,62232,99568,111738,71454,60704,104044,57702,63760,87290,92036,68344,68344,81178,83624,102678,56498,84288,97986,86680,65288,130074,65288,76810,68344,91874,74456,84180,66816,57648,99568,117850,55564,113266,85708,88208,69872,85762,69872,81124,65288,71400,105572,111684,68506,98958,96404,62232,84450,65342,81232,83624,76512,96404,59824,1528,176358,76810,79974,54538,63814,84180,81448,72874,42676,15280,165736,122774,54700,101096,59284,92090,69656,90454,71238,72388,60488,65288,117850,113428,59122,54592,76810,91068,56984,84180,107154,68452,60758,99460,98904,96404,92792,66816,96404,87236,56174,63814,91820,69872,72928,100988,59176,91820,60704,75984,78230,87560,59176,125544,71400,116322,72928,66816,99568,85708,95956,75984,81124,60704,69872,104044,54646,101042,66870,102570,77512,102516,62232,56120,82652,47438,45192,155310,60650,102948,76810,56336,91820,78500,60488,63760,93186,54592,71508,81340,91820,73198,89520,85762,66924,75174,74294,68344,94876,75984,85152,93456,84288,76038,100432,107208,108628,62232,60704,84180,60704,81124,65288,70034,91928,76648,47276,90292,68344,128600,79040,66816,90292,
155.210.4.101_19.19.19.34,93338,25220,314366,38594,22596,104085,164154,59716,12062,64570,67086,15118,298936,80460,72982,88764,63706,53064,76756,110210,66816,57540,92522,102408,57864,95902,96404,62232,84234,53118,79650,89034,66924,57702,85816,53118,94930,50116,82706,78446,59284,74510,90346,96566,62286,56228,92204,87344,54646,54700,90508,93348,57756,109600,104152,87290,56174,80622,96566,93348,59230,53172,88872,62232,87344,57648,85708,53280,84288,68452,110318,76038,93456,56120,87290,63814,111738,69872,83624,93402,84180,77566,56174,85762,56228,78230,67032,113374,85816,56120,54592,82652,74132,54646,87236,82096,94876,94428,59230,110156,117850,49506,82652,79812,65288,71400,100988,59176,117850,57756,78338,96458,68452,65342,76648,99676,75984,66924,76756,99622,90508,74456,60758,82652,62340,69872,122488,98040,72928,68398,87236,100486,139242,89790,90346,97430,94984,51914,85870,91874,53118,66870,97986,57648,99622,89736,88818,80568,90292,54646,74564,78122,90292,34172,87344,100988,65342,69872,81340,87290,83624,60704,102516,77512,84288,79148,90346,60812,99460,68398,92792,87452,82760,54646,79094,105626,87290,57810,92036,68344,90346,72928,75984,107100,98148,65342,59230,111738,63868,101150,56174,87236,60704,66870,91982,88872,65342,60704,91928,68344,88764,63868,88980,62232,87290,65288,81340,54592,91820,63868,84342,50170,111738,57810,79704,82150,84234,63814,96512,53226,85708,59230,102516,62286,79866,76092,85816,68398,84234,59284,85870,53064,96512,51644,87506,60704,87398,76038,122380,73036,98094,59284,82706,65342,105572,69872,93510,50170,76648,56120,63760,87344,88818,54700,59230,100988,98148,57648,51590,97986,81178,51644,75984,93564,101096,62340,82150,85816,85762,57092,79758,81232,69926,75984,88872,94984,66870,59230,84234,82652,57702,91264,78284,85152,97986,65288,88980,91318,102624,63760,90292,77512,85762,83624,69980,90346,87344,63868,79040,82706,
162.213.3.248_19.19.19.49,20552,206724,33780,78972,12224,4584,239599,49182,242654,89250,72550,7640,158366,66600,91210,81124,79974,87830,69926,92036,56012,69872,93510,73036,89520,73700,85762,69926,87344,79040,85206,87290,88208,88764,89736,81124,71400,60704,97986,54592,88872,53064,93402,88208,96404,59176,54592,79650,62286,57648,117850,99460,44868,85708,88818,60758,65288,88764,56174,79596,68344,60704,81178,97986,69872,62286,104044,57648,56120,88872,68344,104098,72928,85708,59230,93402,59176,56120,93348,82150,95902,82706,88818,56174,80676,101096,84342,76038,59068,98094,81286,71400,65288,87236,72982,93348,72928,126462,114740,78122,63814,63868,87236,54592,69872,82706,56120,102516,54646,113212,62232,88818,74024,62340,77512,88818,72928,94930,59176,85762,57756,68398,105572,104044,56174,65288,85762,57648,71400,84180,65288,97932,63760,98094,68344,85762,71400,56174,99460,90400,63814,54592,108736,68398,62232,102570,97986,60704,57702,119324,66816,90292,82096,96566,77566,91874,59176,100432,96404,63760,56174,91928,84234,85152,71400,116268,62286,85708,72928,72982,85708,101042,47924,96404,82652,129464,63760,90346,76810,59230,72982,85762,59176,94876,76038,43286,55331,210718,76038,84774,57648,84396,59230,132968,85152,93672,62232,63814,131548,105626,71400,65288,113212,72928,115820,88764,56120,87236,60704,74456,133130,91820,69872,71400,96404,57648,57648,82706,53064,122380,71400,74456,94930,82706,54592,89736,88764,68344,68398,85924,90400,74456,97376,91874,97376,102516,94374,78230,76038,104098,63760,71454,91820,85708,68452,60704,82652,62232,71076,66816,91820,107100,50980,107100,102570,63760,66816,96458,63868,79650,88262,91874,74456,99460,74510,60758,82652,85708,37282,117850,127348,66924,69872,102516,60704,90292,76038,87236,63760,120960,62286,54700,82706,87398,57648,60704,91820,62232,66816,114740,76038,87236,57702,90400,63868,85816,74456,108736,114184,88764,
163.1.160.163_19.19.19.46,127816,34692,3056,44706,23344,10696,9168,6112,313776,103936,66438,60704,107208,128492,103596,62286,90400,88926,82096,60704,88818,83624,82976,66816,99568,53064,82706,56228,88818,86680,94876,65342,53172,90292,93402,69980,91318,108628,90454,83732,62232,85708,71400,59230,88764,56174,90730,50332,96566,87236,118768,79040,102516,82096,94930,71400,63814,99568,87290,71400,74456,93402,66816,53118,84234,105680,65342,63760,88872,93402,57756,63760,78620,77512,93348,65288,59176,84234,79704,59176,66870,93348,62286,83732,91928,107208,85260,99568,68398,81178,71454,59230,88764,84234,56228,88262,87290,85816,77620,51644,78230,88818,63760,71400,93348,79094,101096,54592,54592,84342,91928,65288,60812,107154,82814,63760,91318,94984,76648,71400,68506,94930,87506,75984,59176,102678,78176,59284,74456,94930,102678,71454,63760,116430,81286,65396,62394,81340,105626,69926,60704,105734,105680,72928,79040,90346,101150,60812,53172,90454,97932,47924,88764,94876,77512,66978,78176,99676,103596,71400,81232,76810,60758,54646,79704,87290,50116,63760,93402,84342,63922,91982,59230,95038,63814,65342,79596,107262,66816,53280,85708,107154,54646,50224,81178,90292,62232,54700,79596,54754,87344,63814,82706,83786,136132,66816,102516,63760,99460,66816,60704,113266,69872,60866,82814,85816,66870,75984,94876,96458,85152,62340,96404,53118,88764,62340,85762,53118,110318,59176,90454,60758,88818,63760,53172,127018,96458,94428,75984,110156,74510,63814,99460,130020,68344,59230,85816,65342,90346,54646,91562,75228,69926,71454,91874,82868,77674,74510,84396,123962,69872,75984,81286,84180,63868,71400,84288,79040,97986,74456,94930,80568,82760,72928,71454,91982,90292,56228,71400,84234,82814,57702,56228,90292,66870,57702,91928,93456,50170,53118,95092,99622,81340,80676,56228,90292,85870,97376,74456,79758,74456,66870,104098,85708,54646,69926,108844,101150,72928,63814,
163.178.174.25_19.19.19.6,41622,36318,326842,79758,99244,75984,97592,98148,60148,125776,57702,96458,111128,81502,67966,99514,97484,90184,71508,64030,105680,90508,90832,71616,90292,59122,77566,88764,71400,88872,72874,104206,88208,102624,60704,76038,90454,90292,56120,77566,81124,68452,56120,105572,108682,79040,69872,102570,56228,92036,65342,95092,57648,85708,69872,108736,59284,76648,74510,71400,104044,91874,57756,81286,86734,87236,53064,71454,78284,93456,60812,60866,88764,90400,72982,66870,108628,60758,69926,85708,93348,69872,54592,93348,54700,87236,72928,56120,84180,102732,57648,59230,84180,56120,72928,116322,60758,93456,65288,78122,75984,97986,71454,65288,96512,85708,62286,63760,110210,72928,77512,82706,88764,63814,65450,95092,88872,62340,62286,99460,95092,76038,63922,90292,85762,68344,80622,116268,71400,107208,86680,98040,63814,95038,72928,57648,96404,104098,68938,94930,62232,82652,92846,63760,94876,65288,76038,91820,97986,68344,94320,93402,62232,94876,88370,88818,68398,91928,62286,71400,100988,107100,40284,94876,94984,56504,54592,97932,92036,56228,73036,90346,90346,71508,63868,85708,93402,60704,71508,87344,79094,114740,72928,84288,59230,105680,54700,90400,68452,84180,68398,85206,90346,85762,60758,63760,110210,83624,88208,85762,57648,82706,59176,84234,85152,94984,68398,60758,93348,91820,76092,63814,94930,72982,63760,82706,87236,53118,89736,108682,53064,91820,74510,56120,96458,88818,59176,77512,113266,56120,71400,94930,56120,105572,69872,111684,60758,96404,77512,63760,88764,59176,63760,88872,91982,63760,60704,93510,77512,82706,80568,99514,60704,85708,76146,79040,78122,105572,56228,60866,105572,82096,72928,91874,119324,82204,57756,87290,91928,63814,63814,79704,63814,113266,75984,96404,68344,79650,65288,57648,84234,84342,80622,60812,88926,87290,68398,60704,97986,65288,77512,85816,57648,101042,68398,99568,59284,93348,77512,96512,
185.87.121.190_19.19.19.41,174134,129972,34444,33076,32622,21271,92414,293866,106998,57648,68344,93348,64030,94876,53118,73862,104152,71400,80622,111684,56228,105842,68344,91874,60812,79596,74564,99514,68344,79758,62394,95038,66924,93456,69980,92036,84234,83624,103488,110156,65288,82760,76092,101096,63760,91874,73036,80568,78122,101042,43340,105626,136240,74510,65288,85870,88764,57756,80730,82814,114794,60758,90508,69926,82706,77512,56228,87236,82760,60866,62286,91982,93510,81340,51590,57702,113266,88208,51698,88764,81286,79040,57702,88872,90454,66870,76864,83624,100988,62232,56228,94984,75444,90346,85206,63814,93402,75984,100486,118012,85870,68344,53118,84288,91928,57702,97484,90400,81340,53118,59284,110156,87614,94930,79094,66978,94984,78230,50170,90400,83678,102516,60812,82204,85762,85762,63868,62340,91874,113266,91264,72982,93510,88926,83624,54592,85762,80190,65288,65342,107100,81232,88208,80676,85924,102624,76038,63814,87344,84234,69926,83732,102570,59176,66870,85762,78122,65342,57810,84234,87290,66816,63814,116322,70256,85708,72982,127018,71508,84288,60812,108790,68506,84762,66870,82652,56174,88818,66924,114848,60866,85708,68398,65288,96512,108736,69872,80730,107262,78176,79094,62286,90346,84342,73090,68398,94876,92036,65396,101096,65450,95038,68506,91820,72230,93456,71400,88818,76038,84288,56228,87344,48642,101042,60758,87398,59176,108736,65396,104152,63760,81178,65288,62232,110318,85708,65342,72334,59284,107208,63814,59230,88818,90346,74510,53118,104152,113212,65396,56174,85762,63814,69872,91874,84288,51644,66870,114794,93402,53172,76038,113266,65288,99514,91372,84234,80568,90346,57648,96620,74456,79758,70034,91874,60758,90508,54754,88980,56174,87290,57864,98148,75228,60704,65288,93402,85816,59284,65450,93402,91820,74456,59230,93402,79866,59176,66870,87236,66816,98040,56282,84234,65342,90454,63760,68398,84234,104206,72928,56174,
192.38.78.162_19.19.19.7,38221,19537,116860,3056,143356,185330,42784,243696,88764,59392,91766,76038,128654,79040,76702,80568,71238,72280,99514,57648,80568,73700,96620,66978,57702,95038,91874,71508,82760,57648,93402,56120,62340,84342,84234,76092,57702,91928,120960,68344,75984,85870,59176,87398,60704,90454,74564,71454,117850,93402,63760,59284,85816,93564,59176,69926,79704,82760,62286,57702,94876,71400,102516,65342,63760,87236,96512,68398,74510,82706,87236,46396,102624,96458,54646,65288,94876,59176,84180,60704,80622,108628,110210,66816,59176,85924,100988,54754,66816,88818,59176,56228,90400,82706,63814,60704,102570,89790,97986,56174,117958,75174,89790,53118,91820,60758,90346,53118,114848,68398,119432,68344,62340,97932,120960,68452,88980,72928,82814,74456,56174,96512,108682,69926,48642,84396,91874,66816,60704,96458,62232,60704,104044,90346,65288,57702,128492,66978,87776,71400,87236,162162,72928,57648,96458,66870,82814,66870,85762,66924,97932,65288,57702,93456,117796,59284,68398,82760,99676,63814,66870,104098,82814,72982,57702,99514,130074,65342,68506,78284,97986,63814,59176,76756,82706,63760,71562,84234,84234,59284,83624,78176,60704,84720,65342,94930,78122,60704,57648,82814,130128,60704,74510,88764,66816,68344,88818,77512,84234,74456,93348,75984,87290,54592,57702,101096,98040,57648,65396,85762,69926,62232,93348,85762,74510,66816,94930,59284,91874,82150,98040,72928,87290,65288,56174,96404,82706,79094,59176,100988,54646,88208,84288,84342,74564,91372,78284,87452,84234,31170,82760,101096,68398,66924,76648,88872,81232,40284,110156,79704,62286,63922,93348,88764,66870,59176,94876,71454,85870,60758,90292,51590,97986,75984,72928,90346,72982,98040,62286,93348,57702,105788,57864,87236,65342,56174,81178,123908,66816,59230,107100,79094,94876,86680,71400,87452,94876,69872,68344,82814,107154,65342,57702,91874,82204,81286,72928,94876,72928,66870,
193.136.164.6_19.19.19.29,9118,72658,9168,291016,29032,91173,123638,295664,114848,75714,56590,105626,124934,101960,93402,85816,59176,79040,104044,60704,99622,65126,71400,96458,91982,103434,63760,100988,68344,62232,94930,54646,84234,53064,71400,114740,97932,62232,80622,105626,60758,68344,100988,56120,91820,82096,94930,60758,85762,60704,59176,82652,91264,57648,82706,85762,54646,72928,100988,69872,97932,88262,100486,116322,97932,80568,75984,88764,72982,62232,113320,68344,90292,68344,59176,87236,94984,59176,71400,90292,75984,72982,81124,59230,84180,65342,85708,82096,105626,60704,76038,79596,77512,57648,122380,93456,60704,62232,113212,108126,100988,54646,68398,100988,96404,58620,97932,90292,62286,68344,81178,76038,91820,88208,88208,91874,100988,77566,83678,84180,60704,56120,90346,72928,81178,71400,102570,72928,108682,88208,101960,96404,57648,57702,91820,82706,63814,57648,85708,60758,102516,59176,82150,102516,111738,65288,56174,79596,59176,56120,85762,53064,102570,65342,120852,85152,102516,76038,59176,82652,53118,54592,79650,91820,92792,60758,90292,102206,108628,63814,98904,91820,104098,57092,93348,134604,83624,74456,82760,71454,79596,54592,77512,96404,96404,41812,97932,101150,63760,74456,104044,75984,84180,57648,88926,63760,116268,65288,101960,88764,57702,68398,99514,87236,60704,57648,108628,82150,84234,92792,92792,96458,84180,31116,107154,81178,60704,59176,85762,77512,87290,63760,86680,122434,84234,56120,57648,91874,79040,69872,87290,81178,60704,65288,90346,89736,90292,72928,89736,104044,95902,60704,91820,85762,66870,82096,99460,56174,82652,65288,59230,90346,96404,60148,113212,85762,62232,63814,105626,56120,84180,74456,57702,94876,102516,85152,60704,98040,77566,75984,110156,77512,117796,82096,82706,88262,91874,65288,72928,102516,69926,69872,94930,88818,56120,85152,94876,57702,87236,68398,77512,99514,128492,53064,57702,96458,86680,77512,107154,65288,
193.166.3.3_19.19.19.9,21094,9168,67466,226014,27180,243317,102462,50440,92360,85816,59122,78662,77026,93176,108628,72388,45964,78122,75498,62232,99946,87506,99946,81988,63760,97932,73862,62232,63868,111792,87344,83678,97430,91928,84234,62340,59230,101042,66816,78176,60866,93456,81286,59176,68398,104152,68506,87560,65342,99514,93348,72928,48696,88980,93402,68344,59230,84288,90346,62394,59230,81178,82760,62340,53118,82814,88872,77620,60704,97932,66870,110264,71454,88764,59230,110156,71400,63760,96512,93402,102014,77566,100988,66870,66924,95038,94984,66924,56120,91874,113266,62394,82150,87344,78230,54646,56120,82706,75174,71400,65288,78230,81394,63814,59230,79650,59230,81232,59230,79866,113266,65342,65396,79812,87290,70034,63868,102624,81178,65342,57702,82760,101150,80568,54700,101042,96674,98094,57092,87290,104098,85206,63814,79650,82706,83678,62232,87290,51644,99514,56228,79650,71562,79812,63760,94984,75984,85870,63814,88818,65288,99514,69926,60704,94930,105572,79148,56120,81286,79040,85870,75984,84288,94428,65288,85762,89142,89010,66260,110210,98148,90400,69980,72928,86038,65396,57648,104098,85708,57702,83624,128492,77566,84396,80676,114794,68344,96458,60866,97986,63760,82652,63760,60758,96458,63814,108844,59284,122380,75984,59176,97986,85708,66924,91372,93456,88872,68344,75984,114794,63814,87290,76038,88764,62286,114794,54646,65342,116268,88926,59338,79148,79812,94876,63814,77566,110210,87506,51860,91874,54592,99568,71562,101042,75984,87398,70034,111792,66870,108736,74510,114740,71454,91928,77512,84288,62394,85762,50332,84234,80568,107154,59338,94930,65288,84234,65396,78230,65396,79812,60704,79704,51590,81232,57756,116376,65342,92036,65342,88764,76230,98202,94320,88872,54592,102624,71454,63868,114740,101096,60812,59176,82706,101204,79094,72982,108628,74456,86680,88818,119432,68398,81448,53118,85762,79094,82150,99622,114956,111738,
193.6.176.62_19.19.19.16,199670,29032,40338,100638,254910,107316,21176,68452,158852,87344,69872,72604,75444,86194,84180,65288,57648,108682,66924,87398,63652,56120,70752,85870,91210,60542,82652,90670,54646,95848,105680,90400,76038,63760,85762,60704,85260,105572,85762,62340,100486,125490,88262,93348,53226,88872,95038,66870,63814,94876,102122,96512,88208,85762,74456,91928,83624,75984,87398,88818,69872,63760,90346,104206,43340,128492,93348,77080,69926,74510,94930,122380,43340,93900,88818,57702,57702,90292,113266,72928,77512,107100,65342,108736,59284,82868,59284,87398,82096,91874,59176,96458,60758,82096,96404,91928,59176,68398,117796,57648,51698,111738,119486,68398,54592,84234,68344,81178,72982,91820,59284,120906,65288,71400,104044,119378,35700,94876,87344,63922,63760,85816,88818,65288,59176,105572,56120,108628,71454,60704,90292,90346,57702,62394,82706,68344,71454,84180,86086,88926,69872,63868,102624,105626,32644,82706,91820,65342,72928,111684,79040,108628,80676,108682,57702,101096,71400,57648,94930,99460,34172,90346,87236,59176,62286,88764,51644,118042,65342,84450,62286,104044,63760,107100,74456,119378,57702,73036,34172,140732,75606,84558,75930,69494,71130,72766,95146,79974,81934,68344,93186,82922,40338,85762,94930,89736,102068,97986,100988,86788,57594,98040,65288,84234,57756,93456,56120,108628,69872,60758,78230,79650,60704,56228,104044,85152,68344,81178,85762,65342,59176,84288,56174,90292,71400,82760,57702,105626,59392,88818,53118,87398,68506,76702,63760,96458,80730,79704,60758,108682,68344,56174,97932,88872,63868,83624,94930,77566,56120,97986,146936,63760,57648,84180,89736,88764,66870,74456,88980,85762,86680,62286,105572,72982,89736,87236,102624,71616,87614,97376,84234,91982,71454,60704,114740,60704,68506,81286,87236,57648,80568,85708,86788,90346,72928,94984,63922,101096,66870,82652,65288,57702,98094,53118,102570,84288,57648,54592,81286,78284,
194.105.226.20_19.19.19.17,164992,214622,26728,14168,55618,9168,15280,341466,25382,135700,90508,32698,13752,243764,63868,111684,57648,53280,82652,79812,71454,65342,90238,91928,62232,51752,98040,72874,92036,63760,99514,74456,111792,82150,63814,107100,102624,60758,77566,98148,99622,85152,68344,94876,77566,82096,104152,84288,51590,65342,84234,65288,90292,76038,94930,59230,84288,63814,83624,114740,79596,54646,51644,82652,88208,72928,91874,82706,68344,88262,85816,68344,97986,69872,78176,66816,91820,71400,65450,88818,84180,46396,84180,104260,86734,75282,73090,82652,94984,57756,60812,105572,63760,71400,113212,81178,69926,62340,137768,71400,111684,71400,85152,100988,96404,68398,62232,111846,93402,46396,90400,87236,62340,72928,91982,99514,85152,54646,133076,51644,90400,63760,120906,56282,87398,75984,81232,68398,87290,69872,79040,91874,88818,65288,68344,93456,69926,92792,104638,104044,93348,62232,60704,97932,62232,89790,105572,81340,54754,72928,97986,68344,94984,85206,101042,72982,91874,68452,107100,66816,105572,56174,91264,90292,56228,80568,87398,110156,82096,62286,78284,90400,51590,80622,140046,82760,79040,60704,94930,75228,73090,62286,84288,96512,63760,71400,84288,80568,87236,91318,66816,84234,84342,63814,57648,78230,79650,59176,54592,91874,74456,82096,85762,72982,82706,54592,142298,59176,79596,76092,94428,99514,104098,59176,62286,102624,87344,44868,97932,85762,66816,62286,101096,98148,68398,105178,96404,78176,73862,70034,54646,87290,94984,43340,100988,91874,59284,60812,97986,84180,66816,77566,99568,74456,116322,91318,82868,62232,120852,97376,91372,91820,84180,83624,72928,102678,66816,54700,78122,79758,78284,76146,77566,101042,102624,63204,88818,81232,78500,57756,57648,105626,108790,82204,88262,82760,82706,59230,63760,81178,96620,60704,60704,104044,62232,59176,104152,98040,60704,60704,84288,72982,94984,59284,92198,88818,65396,79094,90508,79704,
194.116.84.15_19.19.19.18,47631,46092,47682,20136,137936,115676,34712,173180,342238,100290,41650,37498,146304,94404,81394,97986,68344,65342,94876,57648,88818,72928,95038,62340,101312,60704,87236,60704,116322,82096,60758,79650,90346,60866,82096,84180,85816,34172,82652,84180,56174,72982,81124,72982,105626,60704,81232,53118,96404,65288,71508,97932,78176,71454,72928,90292,82814,54754,80622,108628,74456,59176,108628,71400,99514,62286,90292,75984,93348,71454,77512,82652,62232,63814,90346,62232,87236,68344,88764,60704,104206,57648,69872,97932,59176,72928,91874,108736,68452,53172,99514,90346,71400,66816,75174,76092,114740,85206,107154,105016,87398,57756,93348,74456,99514,56120,86788,94930,111684,59284,51590,93348,80622,65288,75336,85816,80622,57648,79650,101096,60704,68344,91874,82814,54646,63814,100988,59284,107208,54592,108628,63760,130074,97376,79094,104044,79148,69872,101042,76864,79704,56174,60704,107100,80622,83624,102570,60704,94930,69926,94876,74456,88764,66816,60704,84180,57648,79040,87236,81286,57702,62286,93348,56120,102516,68398,102624,70034,96404,53118,83732,96458,84234,89790,83624,81286,142244,81540,105626,94930,108234,129518,88764,102516,63976,60866,108628,91820,63814,62286,99514,60758,88818,94320,84288,63814,91928,56174,87344,56174,82652,80568,65342,94876,68452,79040,88818,87236,63814,77512,79650,59176,90292,75984,57756,87236,91874,57648,79040,91820,60704,63760,96458,79040,78446,68452,90346,88764,60704,57648,79596,60758,88818,57702,59176,81124,110264,84596,102570,110210,71454,51698,85762,105572,62232,62286,90292,65342,87290,74456,62232,85816,93348,62232,60758,85708,72928,60704,84234,62232,82760,54592,85816,92792,107154,63814,54592,91820,113212,62286,69980,88764,72982,82096,107100,71400,96404,69872,79596,66816,88818,74510,92792,90400,90346,41812,124178,90292,69926,65288,102516,105572,75984,60812,81286,57648,100988,63814,84288,80568,
194.2.0.36_19.19.19.10,253368,118906,63870,97270,141542,77990,82124,111846,140932,60542,62756,73754,93942,82922,59176,97932,91318,74456,82760,73090,125436,57756,97824,89088,65288,60704,82760,70088,84234,62178,96620,69872,88872,62232,83624,94876,101042,28114,84180,88764,56120,72928,79596,62286,84180,63760,78230,75390,57810,57648,93402,117294,116268,79202,87236,69872,91820,74456,91264,110156,74456,68344,157578,86680,88764,82096,82096,102516,111684,74510,62232,88764,85206,65342,85708,62286,94876,74456,84234,66816,96404,69872,63814,84180,63814,71400,90292,93402,79040,59176,91874,80568,90346,83624,75984,93348,69872,77512,91874,82760,74564,71508,105572,88818,59176,63814,79704,66924,105842,54700,81232,96566,68452,78392,101960,90292,63760,89034,60704,81232,60704,59176,91982,107262,69980,69872,104044,96458,59230,59176,114794,60758,104044,65288,76702,59284,85708,57648,81610,57648,76702,54646,102516,72928,88764,66816,76092,93402,81232,69872,62232,88764,72928,68398,119486,130128,62286,72982,102570,62232,87236,65288,66816,82652,94876,54592,60758,90292,76230,63814,94984,97932,72982,65342,111684,65288,93348,65288,56174,85708,69872,56174,90292,90292,62232,60758,117796,59176,94876,56174,56174,85708,105572,44868,102516,119324,56120,72928,108844,83678,93402,75984,87290,74564,81178,66010,104152,69872,100988,69872,80568,84234,59176,56174,104044,82706,54592,62286,99460,72928,78122,66816,73036,117796,117796,56174,60758,85762,63760,66870,82706,96404,63760,71454,116322,63868,100988,66870,116322,75984,88764,95848,63760,88818,71454,54592,94876,104152,75984,57648,117796,62286,102516,60704,59176,94876,77512,63760,82652,97986,60704,69872,87290,83678,104152,54754,90346,80568,97932,65342,66816,90346,90346,67788,100988,87290,80622,68398,98040,97986,62286,63868,93456,91928,63760,82150,125436,97376,88764,63760,54592,104098,66816,72928,105302,85152,79596,59176,59176,99622,
195.14.50.21_19.19.19.32,150060,273684,95344,35808,82088,159122,83624,62016,84612,62394,90238,105572,57702,48804,79758,94660,56390,76146,96458,102678,65396,48642,119432,87290,60704,91318,110210,65342,93402,80622,88926,59230,139296,60758,93510,57702,90346,76038,104098,76146,78338,60704,91982,79704,65288,79148,87344,70860,56174,60704,110264,90454,57702,63868,93402,84342,95092,37228,96458,105734,81232,40338,81178,111684,82150,59176,90454,86086,87398,59176,66924,96512,78122,40284,120906,108682,75984,62286,84288,92036,79094,74456,85870,90400,56282,84450,59284,108736,101150,68344,59230,84234,73916,65450,65288,87290,102516,54754,59176,91928,82760,54754,85260,87290,87290,86788,69926,87344,81340,56228,75282,59284,105680,83678,110264,90616,86788,63814,78122,78176,71400,56228,78230,101096,68344,62286,134712,110372,57756,65342,87290,104206,59338,59338,101150,91874,84396,57756,68344,105680,74564,100486,114740,97986,82150,68398,82922,104152,59284,77566,107100,82706,69872,69926,105680,54646,78284,57648,87398,86734,96512,89736,94930,59284,113212,62286,85816,56228,89034,65342,82868,90400,60758,50116,98040,54646,82652,68398,87398,66924,85816,92792,94930,68344,94984,60866,93510,69980,113266,68452,90400,56120,94984,105232,114740,53172,78122,54700,85924,82868,76038,88262,104152,65396,93402,80676,84180,63814,93348,71454,98904,88926,88872,83624,71400,111684,81232,72982,57756,108736,62232,72982,87344,116322,79866,38756,90292,79704,92252,59338,65288,90400,87344,59176,71508,102732,98148,82096,59230,91820,93456,38756,91820,107208,63814,68344,94984,82760,76092,69926,90400,101150,76038,69872,84234,72982,91928,66816,105626,60812,96458,74456,77512,81178,95092,66870,87344,67032,87398,65396,98094,72982,96620,65288,88872,94374,99622,80676,85870,98040,66924,59284,90454,111792,66978,83624,85762,76756,59284,56228,82652,85924,116376,61676,96512,91874,60758,76092,95092,98094,
198.145.20.143_19.19.19.22,292976,44868,7640,32806,209632,12224,109114,62232,222844,101420,86248,75984,81286,87560,66600,68398,91928,84234,56282,57648,84234,63814,84558,85206,101042,88818,29588,90292,96512,65288,82096,94930,79704,28060,96404,81286,85260,119378,60704,84234,91318,116484,77566,91982,60812,87290,98036,93402,89790,104206,68398,96458,59230,84180,62286,60704,120852,94320,82096,104044,85152,79704,54646,116322,69872,102516,59176,54592,85762,84234,75984,68344,88818,65396,88208,90400,81178,65288,59230,90400,56120,79704,57702,84234,66978,81178,62340,93456,69980,84180,53064,79758,76146,90292,60704,53064,101096,104044,68344,68344,93348,60812,74456,101042,85762,82096,69926,84288,69926,91820,94374,105842,72982,88818,66816,78230,63760,81232,71400,90454,56228,98148,56120,105626,59338,88926,53172,93456,63760,88764,69872,84342,66924,87290,65396,69872,82868,82976,66870,87344,69872,104476,80244,104152,66870,85870,71454,56120,100988,87344,68398,60704,96512,107208,58620,90346,90454,78500,69818,57702,82706,87398,54646,65396,87344,102732,62340,79812,54646,81340,72928,85978,75228,57702,65288,93348,60758,71292,79704,71454,93456,74294,82976,74456,84234,71400,66816,104152,111738,66816,63760,87236,74456,86572,122488,76038,87290,66546,82976,62232,90346,57702,68398,90346,79596,56174,77512,91820,72928,95578,93726,60704,96512,65180,99622,88208,114740,71400,65396,111684,74456,62124,81286,108628,72928,91156,96620,98958,85762,66870,98094,86086,62286,57702,84288,87506,54808,59230,104044,114740,66816,62232,87236,57648,84180,53172,85152,85762,57648,90346,60812,90346,50116,87344,60920,85708,59176,68344,81232,102678,65288,56174,81178,93510,74456,65504,92036,101042,86734,86680,102516,76648,63868,65288,90346,57702,93348,59230,57648,90292,87236,69980,68506,87344,88872,72982,59176,99460,74456,65288,93348,72928,93510,85206,105680,71508,81178,56174,105680,92036,
202.28.209.254_19.19.19.40,115340,116960,114146,12224,4584,53712,30560,390654,57702,84558,80082,87452,66708,73754,69656,48750,88818,81340,56012,68344,85816,111954,85044,72928,93348,65288,66924,88818,63760,79704,83624,98202,57648,117796,62232,82706,65342,91820,57702,56174,96512,93402,59392,68398,97986,88980,53064,65342,105572,60704,130992,81232,90292,69872,66924,88872,57648,127072,76092,90346,54646,130020,59176,60704,99460,84450,69656,60704,76648,59230,48642,81124,88818,66816,74456,87290,59176,87344,56282,90346,92792,96404,59176,74510,88980,90400,56228,93456,65396,113212,69872,63814,77134,91874,54592,91874,69872,79040,90400,68344,88818,79650,83624,59176,101042,72928,62232,90346,56174,114848,57702,96620,110372,56228,105070,108628,87506,66816,98202,60758,87398,59122,76756,66816,84180,59176,74456,96404,62286,88764,71454,85762,53172,68344,78230,106598,93348,59122,78338,63814,91874,72928,102732,74456,85762,66816,76810,62286,91874,74456,72928,93564,84342,59338,81178,66870,79704,53118,82096,88818,94876,79040,54646,99460,59230,79040,114794,78176,56228,56228,105788,99514,66870,57648,82652,65288,116322,100486,91874,88208,85708,60704,57648,82706,56174,75984,79758,87398,80622,59230,91820,114740,59176,59176,81232,77566,97986,56228,107100,88262,84342,65396,62232,84234,99568,74510,63760,93348,111792,44868,88818,99460,62340,79202,99568,81124,65288,86680,88818,86680,93348,74456,72982,108628,94930,65288,69872,75768,99406,95848,68344,110156,99568,63814,76038,90346,102624,60758,74456,81124,60704,54592,91820,62232,97932,68398,57648,87236,82706,62286,71454,81232,71400,60758,93348,81178,53172,53226,101096,90292,59284,57648,90400,74456,100988,85152,92792,90292,79974,60866,82814,63760,82652,68398,102624,79094,88818,62394,92036,65288,93348,66816,91372,95038,91982,68398,65288,90400,90346,53064,82150,88818,81178,52508,96458,81232,63760,76092,82652,87290,
202.38.97.230_19.19.19.4,15670,35022,200198,26068,289189,54592,60758,94768,68398,99568,61028,49182,62880,161152,57540,78392,54538,99568,65342,76092,97824,90454,65342,60704,85546,79310,104206,77296,68182,81340,60704,87398,72928,85762,59230,72982,85762,93348,54646,71346,107154,71454,78230,54646,99460,66816,110570,76312,74456,94930,54592,80568,105626,117796,57810,60704,79650,107208,54754,66870,97986,107208,66816,56174,113212,88262,91820,85206,101420,60704,82706,60758,90346,80568,97986,57702,91264,104098,84180,34172,105626,97932,83678,60704,88764,63922,81286,63814,90292,69872,87236,65288,65288,91928,66600,102732,80622,96458,60758,100432,85708,63760,91874,53064,84288,73036,91820,82096,51590,96512,81178,79202,98256,57648,78770,89142,88872,88316,96512,65450,87344,57756,80676,102570,97932,77566,65288,97932,66870,94876,75984,74456,90292,79040,97932,60704,72928,88764,101042,65342,62286,114740,80568,69926,102516,88818,63814,80568,107100,92792,93348,82096,50116,91820,80622,84234,62232,99460,79094,72928,102516,65342,65342,136132,93402,62232,76038,84342,82922,53280,72928,114740,85708,68344,68872,113212,79040,119486,75984,62340,131548,148464,83624,59284,105572,94320,51590,107154,94984,85924,54862,66546,99568,75984,81448,74240,90400,53118,69872,90292,56120,119324,69872,63868,85816,89432,72982,59230,87236,60704,50116,88818,99568,62232,72982,123962,69872,82652,63868,84180,57648,85708,57648,60704,81178,50116,54592,87344,70914,96512,72928,63760,91874,87344,43340,102678,85816,74510,93456,68398,85708,62232,57648,79758,89736,105626,86680,91982,62232,99514,54754,93402,59176,97932,69872,56120,84288,91874,65342,74456,100988,54592,57648,85708,62232,91820,63760,66816,85708,94930,35700,79650,84288,83624,68344,91820,60704,99568,77512,84288,54592,84288,54754,98040,63814,105572,89736,63814,88764,94320,69872,87344,84234,54646,63760,87290,56174,79596,63760,88872,
202.8.44.105_19.19.19.23,19770,351302,86146,110480,18336,47546,168044,118120,59230,128546,80622,107262,60542,53064,85546,81394,69046,96674,93564,65234,74510,102516,63760,93456,75930,91874,59230,79704,91318,98094,63760,90292,56120,54592,119324,87344,50980,87290,114740,66924,59176,97932,76092,91928,65288,108628,98904,125436,59176,60758,88764,53064,63760,93348,60704,85762,69872,84234,53172,108628,59176,65288,84180,53064,80568,93348,88818,53064,69872,110318,62232,87236,59176,59176,85708,79650,71400,57756,85708,72928,77566,90346,82760,60758,59176,90400,80568,107154,56174,85924,57702,97986,66816,85762,66816,124016,63760,66870,101042,107100,52508,90400,87236,57648,59176,88818,56120,107208,71400,98040,62286,117850,68344,88926,72982,102570,57702,54592,82760,88764,29588,87344,81178,66924,68398,94876,94876,102014,95848,102678,56120,87236,56174,76702,73970,59176,57648,96458,53118,79596,85152,81232,80730,131602,66870,65288,99568,100988,60704,68398,84396,81232,63760,79040,85708,57648,72982,107208,85762,83624,59176,114740,57864,84342,66924,94984,93564,60812,57702,90346,111738,63814,68398,81124,60704,110372,95848,84234,82096,78176,69872,86680,96404,84234,52508,104098,101042,54592,54592,91820,74510,91874,56174,88764,60704,101042,60704,79040,91820,65288,53118,82814,87344,88208,72928,131602,71400,102570,98958,90292,53172,96512,118822,57702,78122,96458,75984,71400,111684,57648,101960,81124,99568,80568,72604,62232,87236,62232,100432,111738,97376,88764,56120,91820,68344,90346,63760,65288,90292,62232,53064,91928,85816,56120,79094,116268,83624,107154,75984,65288,81124,85762,50980,85708,96458,72982,68344,85762,53118,102570,77566,81124,60704,84180,66816,82096,90346,102984,82258,53118,99460,66816,66816,94876,63760,104152,69926,88872,54646,90346,54646,97986,74456,107154,59176,71454,114740,82760,69980,71454,102516,71454,80568,162108,63760,114794,53064,54646,0,0,
202.90.159.172_19.19.19.25,73460,65396,1528,174052,77432,113736,80336,62880,92576,276222,95038,89950,129440,133946,90424,76864,72442,77188,108304,100054,69494,89790,91874,96674,57864,95902,90346,101096,79040,86842,85708,79596,69926,85206,110264,102624,53118,63868,82706,71400,86734,102624,96458,62232,77512,116268,62286,88764,68398,65288,110156,85762,57702,66816,94876,76092,54700,82706,82706,68344,56120,87344,59230,84234,56120,82706,59176,93402,66816,68398,90346,107208,70370,69926,84288,60704,66870,99460,99568,65288,79040,88926,68398,81124,66816,105626,54646,99676,56228,79704,71400,157524,56174,68344,88764,94930,47924,91820,113266,80568,54646,87236,80568,84234,66870,87236,80676,90346,66870,54646,82760,84234,60704,105016,82814,85870,54592,98904,96512,51590,51590,84342,107262,83624,75984,88818,93402,65342,57756,108628,74456,80352,110426,97986,60704,113482,103326,69926,81232,77026,77296,68344,90346,62232,62286,96458,84180,57702,66870,87398,107154,95848,50116,87236,65288,68452,82814,86490,59230,103542,81178,75968,66750,36422,45438,85206,112104,87786,83532,96782,80082,73916,137984,100420,85924,85152,53172,79650,88818,63868,57648,99460,69926,62232,94984,94930,73036,56174,127018,90454,60704,89736,93402,97376,95038,59284,78230,66870,96404,68398,85762,68398,85816,53064,66816,88926,81124,50116,71400,97932,62232,66924,116322,87290,62232,63868,97932,51590,85870,68452,97932,62340,88764,57648,102678,57648,84180,63814,54592,85816,116484,66924,80568,81178,85762,38756,96404,111846,98094,32644,94930,102570,68398,71454,93402,88818,56120,60758,108682,85206,81394,59230,84234,62232,102570,56174,71400,114848,88818,56174,68452,94984,87344,80568,59176,84234,93456,76092,72928,90454,94320,69872,93348,85816,57702,79094,85708,57648,96512,66978,79704,59230,91928,62232,90292,76092,119324,60812,54646,101042,79704,54592,57702,101042,85870,60704,68344,102570,66816,69980,
203.0.178.32_19.19.19.1,32338,48522,80516,31278,4584,7640,69141,4584,262323,209092,124150,75660,90454,87452,80622,73036,90346,84234,72928,59230,79758,71400,95038,54538,93402,66816,94984,79040,108790,68452,79704,60812,81178,63814,90292,59230,85260,90292,82706,31116,99514,102516,76038,72928,87290,60704,115346,63868,88764,65396,91820,71454,57702,108682,88818,77512,62286,78230,101096,85260,68344,88926,91874,77512,69872,96458,68398,56174,85870,90346,59284,72982,101042,89316,59176,50116,88818,57648,107100,69872,63814,102516,81340,57756,63760,82760,88926,69872,95038,50116,97932,57648,56120,94930,62232,83678,87344,102624,59230,65342,105680,85870,89844,63760,94984,88872,54592,65288,84180,62286,90346,76038,91820,63814,75282,53172,84234,63814,88818,95902,108736,68344,108736,74456,56174,90400,90400,76092,60704,90292,96458,54090,88764,108790,66870,79040,85816,87344,62340,68398,84396,88764,88316,54646,107100,66870,93402,66924,107154,72982,81286,94428,102570,69926,96458,65342,84234,57648,101042,79094,91264,79758,82706,63868,53118,105902,96512,62340,85206,84342,82760,57702,59176,94876,92792,75984,110156,57648,76648,57648,108628,54646,94876,69926,60704,87290,91874,53172,59176,84450,96458,62340,66816,105572,76038,85152,99568,90292,86680,80568,84234,88262,82706,71454,51590,79704,95092,83624,59230,85708,96512,79148,69926,116322,94930,51644,66924,99460,60758,77566,91928,110264,65288,83678,100988,66816,90292,68398,82760,72280,59230,60758,108628,66870,99514,71454,105572,63814,90292,68344,92900,111792,96404,68398,63760,93402,57702,71400,97986,71400,105572,63814,90292,59176,102570,54646,60704,105572,68344,65288,96458,119378,62286,71454,85816,79704,65396,66924,88872,83624,108874,86680,87344,73700,59284,66870,101042,53118,87290,79148,88818,68398,130182,74456,87290,63760,120852,63814,57756,88926,101096,62232,63760,87290,69926,93618,80676,108628,94984,59230,
203.178.132.80_19.19.19.19,213284,10696,56336,146452,236056,96296,71400,84612,68290,122434,89736,78284,69710,77620,87290,75228,72928,82258,85870,82706,82096,102014,80028,87398,74456,88818,56174,85762,59176,54700,87344,87344,95848,112710,85816,101150,53064,71454,79704,84234,50980,43954,25976,41256,25976,1694,339768,87614,92036,95092,57810,66924,110210,116322,62232,56174,122434,79704,34226,84180,113266,57756,57702,99568,98094,63760,35470,15280,16808,21392,7640,25976,107314,273920,84288,94984,100486,56174,90400,91820,63814,66816,97932,82096,60758,79866,88926,92036,103488,66870,107100,63760,73400,13752,16808,22920,12224,12224,7640,32088,255318,142350,95038,93510,59284,89736,97986,107154,78484,88818,94930,85924,62448,65342,88872,71400,82096,90346,85708,76092,72982,101096,60704,107100,100540,37562,12224,15280,19864,10696,41256,3056,1528,50022,302910,92090,60866,87290,83678,101096,117850,60704,48642,91874,78338,68398,65450,84288,96566,66816,97484,110210,98094,73036,93456,85314,79704,63814,65288,100988,97986,59230,69872,85870,33098,4584,38200,36672,6112,27504,27504,29032,13752,68050,305650,60866,85924,82706,84288,86680,54700,85708,79812,51644,62340,128546,88208,96566,48750,87452,97986,68398,101204,59338,46118,19864,1528,18336,27504,7640,30560,7640,42784,27504,74108,293010,63868,78338,84288,82814,57702,53226,82652,93348,77620,111236,94876,91264,72928,94984,105572,62232,83624,84180,71400,40202,10696,21392,13752,9168,3056,6112,4584,7640,15280,42784,45800,326954,82096,81286,84342,87290,92846,60758,88926,88818,82150,75984,90346,83624,88208,85708,100988,66816,79040,97932,68398,52222,6112,9168,30560,13752,21392,32088,9168,21392,21392,16808,13752,91242,297520,73754,53226,78230,76648,65288,87344,69926,111738,59230,91874,54646,97986,59230,69926,88818,72280,65396,81178,57756,110264,62286,81286,66924,90346,62340,81178,56228,85816,81888,
212.110.161.69_19.19.19.45,84838,162418,85892,149479,191814,108358,76038,65342,96350,77566,60758,78284,91982,102870,55618,102570,90454,63760,63760,90346,66816,111792,72496,68344,110156,56174,66870,99460,66816,113266,79040,98040,108126,105680,65288,81178,86734,97986,57702,59230,84234,81178,66924,91372,111684,79758,60758,75984,84180,51644,57702,81124,96512,60704,57702,84180,66870,82652,57648,54592,82706,87398,86734,66924,93402,88764,37228,114794,93402,71454,79094,90292,95038,62232,56174,79596,72928,87290,62232,85206,91874,91874,65288,62232,93348,56120,68398,94930,93402,57648,80568,84288,72982,90346,60758,93456,56174,122380,71562,62286,90346,88872,56120,60812,85762,79758,72982,60758,101150,84234,59230,66978,92036,82706,57702,62232,91820,96566,65396,68344,84234,91982,57864,60812,82652,102624,50170,56228,119432,81232,62286,88262,96620,81286,72928,65288,87398,89088,60812,88872,56120,88818,63814,93510,57702,79650,79040,71562,93402,111684,63760,62232,88764,56228,76038,96512,93456,75984,77512,93348,57648,111684,65288,59284,107100,84342,66924,57894,105626,76756,60758,75984,79650,120852,43340,85708,85762,91372,80622,128546,88872,69926,79094,78230,78176,96674,70034,54646,81286,85816,67788,111738,97986,89844,71454,94930,104098,71400,68344,90346,68344,87236,68452,98040,106544,99568,97430,54592,91874,114740,57702,63760,101096,57648,85152,93510,87398,109600,63814,99514,113374,51644,68506,111684,88818,57756,59176,120960,74456,88818,66816,62232,78122,100988,73036,57648,91874,57648,62232,84234,78176,54646,80568,85708,56120,81178,56120,51590,81178,90400,53118,75984,113320,127126,57648,60812,94876,97986,35700,108736,90346,83624,71400,99460,63868,96512,59176,94930,57756,85870,86980,82706,57702,122488,83678,97986,66870,93348,62286,65288,94984,101096,71454,86734,84234,84450,62232,88262,122380,101960,73036,87344,88764,90508,44922,87398,90292,63814,69872,84288,
212.191.2.18_19.19.19.26,157490,12226,89736,21528,27504,352421,78878,107424,65234,90508,54036,25976,188278,90346,63760,82814,74294,96010,87236,99460,65342,68398,100826,71292,66816,105572,67086,99514,88316,74456,87290,84180,85152,79040,88818,74456,65288,85870,93402,60812,60812,87290,97932,62232,69872,94876,77732,71076,60758,85708,62232,105572,59176,107100,71400,81124,66816,69926,79596,57648,53064,79650,76038,84180,56174,93348,63760,126964,72982,57702,100988,87398,74564,57702,87236,60704,68344,99460,56120,94930,63760,99460,95848,84180,63760,57648,90400,59230,66870,88764,107100,77512,59230,100988,57648,130020,57648,53118,90346,82652,34172,111738,104098,65342,62232,100988,82096,87236,65288,89736,79704,90346,52238,90130,83624,88818,72928,78176,71454,96512,71400,86680,104044,82814,74456,57702,76648,62340,77512,93348,90292,66816,53064,100988,82204,120852,62340,86086,57756,90292,75984,93348,75984,97932,83678,62232,87290,63814,69872,91928,99460,66816,94320,120852,57702,101096,91318,69278,91928,89790,80568,85816,77566,93402,63814,90400,91264,82760,59230,91874,60704,82868,60704,85260,88764,81124,54592,54592,79704,51644,57756,90292,79812,85870,44868,65126,15280,127790,127304,67858,84396,84126,79094,72982,98094,81232,40068,114902,101096,92900,105016,96458,105680,57648,63760,85708,69872,82706,82042,69872,81124,79040,74510,97932,91874,59230,88208,81232,94320,108682,63814,84288,83678,111792,71400,54646,85762,110156,83624,76038,101096,76702,65342,94320,82706,77512,83732,96404,108790,57648,53064,96404,54646,81232,95848,74510,90292,87290,67248,93456,65342,91820,65288,60704,125436,56120,60704,81124,98040,63760,95848,104044,71400,97932,60758,95038,83678,99460,54646,62232,94930,93402,44868,93402,105626,62232,71400,90400,77512,94930,69926,93402,83732,88818,62340,91820,68344,84180,57648,86680,114740,57702,80622,97986,95038,50170,63760,87236,68398,82706,
212.191.2.18_19.19.19.27,100846,28222,56674,24448,24124,354468,72820,51034,16646,60310,240640,107154,60542,81556,77080,82922,66816,79920,78662,62448,96404,94266,106112,128546,59230,81232,92684,71400,84180,53172,105734,71400,85762,71454,59176,101096,66816,94876,66816,105680,71400,96512,62340,105734,74456,116268,62232,56120,81232,90454,60758,74510,125490,74456,74510,78176,81178,60758,83624,105572,85152,97986,66870,76810,78230,69926,88262,99514,66816,78446,63490,87344,63814,88872,83570,72928,84234,84180,54646,77512,104098,82096,63760,87290,56120,79758,50116,101042,74456,90616,65018,119486,74456,104530,70914,71400,107208,82814,66816,59230,102840,63706,72280,74510,90346,64856,75552,65288,116430,88764,40338,125436,91874,63814,65342,90400,93348,70250,77188,79812,88872,58242,92252,90292,89736,81448,81880,77566,90292,83138,69494,60704,107154,89844,86680,90292,85816,59122,71076,62232,84180,65288,59230,79650,81232,56120,59176,124016,66816,68452,87236,111738,62232,72604,77242,99460,53064,87668,87830,54646,87290,54592,63760,79704,91874,91264,72928,82868,82760,54646,62232,88980,87236,62286,66870,81124,54592,66870,102732,97932,71508,77512,100988,66870,88764,60704,78230,63760,84396,57702,107154,54592,85870,65396,91874,65342,123962,68344,54646,105734,108628,57756,62232,82760,69926,93510,79094,84288,84288,28060,96458,93402,59230,71400,87452,104152,60758,65342,85816,94930,71400,66870,88818,63814,88818,69980,102516,77566,110210,54592,98148,86680,113212,62232,71454,93402,74456,63760,84288,92144,74456,74456,97932,82706,80568,79040,91874,94428,117796,59176,88262,107154,99460,65288,68344,113266,79040,76810,56174,97986,56174,83624,88818,98202,57756,60758,82814,84288,59230,72928,96458,97986,59284,66870,84288,54592,91874,69926,88818,98958,93402,69926,105734,68452,96404,80676,120906,75984,88872,79040,53118,93456,78230,65612,79704,59230,94984,71400,87290,59338,
212.47.239.32_19.19.19.11,80674,61720,273311,27657,15010,222898,102354,60758,110156,65288,69802,75606,94984,76092,90616,65234,78932,90616,84342,65072,74672,104098,92036,56066,62286,102516,83624,74510,75174,79704,84396,32644,97932,85816,59230,80676,107100,122542,65396,62286,96512,76756,77566,72982,88764,95092,65288,72928,84234,79758,53064,72982,102678,56120,87236,68398,63760,100988,99514,89736,62232,97932,106544,74456,81178,62232,91928,80298,71292,90292,66816,63814,92036,97986,57702,63868,85708,71454,99622,72982,84288,66816,88872,79094,93510,80622,119378,69980,84234,59176,96404,79094,86680,88818,101042,60812,66816,85762,81286,59230,59176,91820,62340,57756,97932,78284,54700,59230,101096,87344,82096,88208,102624,96890,107100,47924,94930,94984,68398,78446,60758,94984,99622,62286,82150,90346,84288,69872,62232,97986,77566,86734,110210,86680,111846,74564,96620,119486,72982,56228,108790,82706,53064,66870,92036,85816,79758,35700,94876,90292,51590,68344,99514,71454,117904,57702,79758,77620,94984,71400,108736,71454,107154,85152,69872,84180,82760,56174,68398,101150,79704,68344,56228,81178,66816,59230,96458,119432,60758,79812,56228,85816,103488,89736,100988,60704,79758,60812,96566,87344,54592,59230,120960,78230,77620,59176,91982,95038,60758,71454,81286,76648,63868,77566,88926,104152,72982,91264,114740,56174,82706,79094,90292,77566,110210,76038,60812,99514,110156,82096,68344,88764,62340,63760,108628,82760,97376,57702,101096,51590,91874,62232,81232,62232,93348,56228,54646,87290,78176,59230,85260,85708,94984,41812,101096,85762,79040,65342,87290,82760,63760,80622,78176,60704,82706,68398,91820,59176,94984,60758,51698,110156,90346,105070,80568,84342,79704,66816,76038,113212,61118,74456,81178,99514,66870,60758,99460,74510,85708,83732,59176,98040,78230,68398,66816,105626,122380,63814,72982,88818,76092,85816,60758,86086,98094,59176,54646,99514,93348,63868,
213.166.187.92_19.19.19.36,240582,122656,55770,185282,38540,31440,54970,137244,104924,95416,107208,69872,91874,47276,95092,109438,96512,54700,91766,72874,84612,86680,79040,84288,88818,59284,57594,90454,97932,29588,113212,102516,71400,89736,101096,77350,88710,65450,73970,102516,74564,50116,93294,72928,82868,60596,95152,81772,89682,62286,79758,89736,111792,91264,88926,60704,91820,65288,62232,99514,54592,53118,102570,94876,62232,57648,85816,59176,102516,66816,66816,85978,91928,65342,74510,100988,110210,71454,62232,100988,66816,53172,93456,96458,79094,60812,82706,82706,71400,62340,104044,53118,93456,86680,79040,96404,76702,63814,59176,116322,113320,59230,68398,104044,71400,71400,111738,88818,77566,75984,94930,56174,93402,106544,69926,82706,84288,57702,68344,91874,105680,65450,100486,99460,93510,79040,71400,87236,60704,63814,101042,85924,63814,62232,91874,69980,102624,85476,87344,78176,57756,56174,90346,82652,76038,62286,105572,59176,85762,54592,60704,84180,90292,41812,79704,91820,57648,62232,88764,57648,104044,74456,62232,90346,92096,60812,59284,76918,110156,62232,68398,90400,79704,89844,66816,93348,66816,72928,99568,107100,60812,57648,63490,85654,82096,60758,90346,99838,90400,62394,76038,87236,84180,57702,80676,88764,65288,72928,81178,53118,85708,74618,78176,82096,87290,59284,96458,97376,84180,62232,63814,93348,77512,72982,81232,84180,65342,65396,94984,113320,60758,69872,102570,62232,96404,59230,108682,69926,90400,53064,72982,91928,139242,66816,60704,88818,75984,69980,88818,110156,92792,74456,96458,75984,96404,63760,71400,93402,111792,66870,111182,107100,86788,68344,93402,90346,54754,63814,84234,114848,112008,71508,71454,127018,88262,65342,85708,81178,68344,68344,93348,68344,96512,79040,69872,99460,54592,62232,93348,87344,74510,62286,93564,102570,60812,62232,91820,60758,101150,65288,85762,53172,81178,57810,82814,80622,99514,53226,81178,59284,
213.229.119.169_19.19.19.44,293134,120704,91982,80568,52022,9584,186225,69494,62016,57756,109994,67966,72712,63922,82706,90562,95578,76200,85708,66816,51590,87344,113266,77566,65288,79704,119432,71400,53226,79812,88818,95902,85206,91982,104152,57648,72982,91982,84288,68344,88208,94930,75984,110156,92900,110264,53118,90292,92846,60812,105680,84234,62286,62232,81178,54700,54592,78122,84180,57702,65342,76648,69278,93510,46396,90346,88872,72928,60758,88764,82096,88764,62286,79758,82096,94930,71454,56174,85762,87236,62232,65288,88764,59230,77512,87290,68344,114362,60758,63760,91874,72928,68344,90292,62286,85762,60704,94984,62340,101096,88208,116268,82150,78230,62232,69872,85762,86032,56174,66816,82652,87398,69980,57648,87344,87398,60812,76038,99460,88818,77566,71400,96458,68398,66870,82652,96566,74618,56228,82760,87290,68506,95902,79758,84234,65288,68398,85762,75984,92414,90832,101042,56174,90292,94320,59230,107154,94984,54646,56228,79758,79704,118876,54646,91820,90346,63760,63760,87398,77566,90400,74456,88818,63814,54646,90454,95038,79040,71400,100042,104260,65396,50656,56768,153566,83462,69332,71346,75228,75822,72982,78230,126856,62502,86680,108466,67086,105518,54700,59230,99460,96566,71346,66816,88818,86734,77566,114146,54754,85762,62286,69926,85708,81178,53118,69872,78230,57702,72982,93348,117796,68344,85260,97932,72982,110210,65288,57702,99514,88764,56174,65288,94930,80568,60704,91820,79758,74456,83678,107154,65288,107208,79148,91982,74510,94930,57648,82096,87290,79758,71454,104206,74510,104044,63814,72982,81124,68344,88208,79758,82706,54700,75984,94930,94876,65342,62286,79650,63922,82652,51752,82706,65288,125868,68398,84288,88818,71454,68344,97986,63814,93402,59230,99514,66870,90454,66870,93456,56174,85816,75984,82760,66816,113212,66870,62232,84234,74510,67966,99460,60704,107208,56120,65450,84180,82868,0,0,0,0,
219.216.128.25_19.19.19.5,137414,24316,25220,218096,53692,7640,243804,75282,21230,88926,157078,59392,160418,99514,91510,72982,93510,72928,114632,65342,54592,84504,87344,71346,105842,60866,90292,68452,87398,63760,88872,100432,82150,79650,93510,68344,74510,94930,88872,56174,95902,85708,85924,62286,53064,94984,71676,70200,91820,91928,65288,88262,127072,79094,81178,60758,93402,57702,105572,54592,72928,78176,81178,68398,65288,94876,71400,71454,84234,81286,65288,53172,82706,65342,82652,62232,72928,111684,91874,60758,100432,102570,119432,71508,86734,97932,84450,57702,68506,85870,108628,79094,66816,67858,90346,56174,73036,140716,96404,68344,77620,108736,71454,94984,56120,85708,57648,56174,88872,79704,86680,65342,81232,89250,60758,69872,81178,81340,72280,57702,63814,96512,90346,56174,115766,111792,98094,63204,96566,105680,82706,38756,79758,78122,60704,60812,88818,143826,77782,60704,82868,81178,59284,71454,98094,85978,94984,74456,54646,104098,74456,66816,93348,100432,113374,94428,84342,81178,69872,66816,87290,100432,85870,75984,79704,53118,81286,56120,88872,54754,104098,69926,99622,57702,78176,79040,65288,87506,105626,77620,96512,56120,96404,63814,79040,90346,111846,54646,67032,104098,88764,32698,125436,104098,88316,60704,87398,101042,59176,68344,81178,56228,96566,77620,96512,99676,57756,63814,84288,90508,59230,72928,84288,79704,74510,72982,102624,62232,105734,89790,90292,56120,96458,60704,53118,88872,81232,68452,96512,62394,79650,63814,96566,65342,91820,59284,69926,99514,87236,80676,76038,82868,13752,149306,62286,84180,59176,86248,79758,97430,85924,74510,84396,60812,103882,76038,84288,59446,108628,65396,86734,105626,102570,68344,62340,85816,93402,65342,66978,90346,86176,62286,53226,78230,81124,54754,63814,98094,108628,41812,94876,91820,71400,69872,88872,60812,96458,77512,84342,76146,84180,74510,95092,74456,101042,63760,82760,82096,113320,71508,
23.79.234.240_19.19.19.48,184172,45392,21556,37376,208123,166832,94714,72928,76254,99568,95146,71508,71400,88818,125490,62340,62232,111738,89034,63760,77512,82760,76972,71400,63814,107154,79758,79094,71400,90346,79040,90400,71400,82652,53118,108628,71508,72982,91928,104206,57648,69980,84288,84288,56174,59230,92234,94984,92954,54592,91874,94930,51644,62286,88764,68452,63868,79758,87344,99568,32644,90508,116322,102624,65342,53172,90346,85870,57702,65342,96404,91264,69926,91982,93402,69980,60704,91820,72982,102516,57648,82760,66870,94930,53172,87398,56174,97986,83624,83624,88764,62232,91264,91982,88872,59230,69926,96458,93402,63868,88262,97932,93564,66816,77620,79758,91982,82204,71508,107208,96458,63868,63868,100988,84342,68452,57756,107208,108790,139404,62394,63814,110210,85206,83624,99514,93456,57756,60812,91874,82814,57648,62286,107208,93402,63922,72982,81232,73862,63760,81286,60704,84342,66816,66816,78176,85816,54592,66816,99568,72928,81124,74456,105680,63814,102570,60704,68344,93348,59176,69872,111738,85816,56228,63814,119378,88818,57648,57702,84180,53118,87344,59176,91874,83900,100988,69926,88370,85816,90400,63760,56174,92036,87560,68344,52346,26011,197182,50278,75390,68344,100988,71454,103990,63814,101312,82042,96620,62340,105626,60758,74456,85708,72280,62340,59176,84234,96458,69980,57702,84180,119432,59230,89736,85762,65342,62232,136186,113266,57702,57702,87290,60758,96512,63814,84342,62286,107154,75984,85870,63760,96566,63868,107262,76038,101150,59284,88872,69926,114740,86734,94984,89736,102624,62340,68344,96566,87290,92846,68344,85762,91874,49452,85762,87344,59176,65342,93402,91928,51644,60704,81286,101096,54646,60812,107208,81448,87344,37228,114794,93456,81340,53172,68398,91874,54592,57648,104098,79650,69926,59284,88764,68344,85816,79148,96458,66870,110156,68452,62286,87290,87290,68398,66924,101150,88872,63760,72982,90400,93510,
31.193.177.85_19.19.19.2,226243,148624,35754,29016,262404,105937,75768,81502,66816,88926,86684,85046,66924,116430,57810,68344,105572,78230,62232,74456,88818,96512,53226,50116,93402,88208,119432,59284,94930,60758,96458,57756,79812,98040,89790,68452,98040,56120,91874,59230,87344,59176,79704,62340,108736,77620,128768,59506,59230,93402,87398,66978,121824,88818,110264,62340,53118,94930,90400,80622,57648,107316,88872,77674,50116,87452,85870,65342,122434,66870,97986,63814,65396,128492,120906,59230,72982,87344,78230,82150,60704,87236,79040,77620,82652,81178,50116,53172,111738,104206,68344,56174,84396,87398,66978,76092,98040,91982,60758,79758,66924,82760,93510,88208,79094,88818,71454,56174,85762,87506,92036,59338,94320,130074,96566,71508,51698,90508,105626,66870,77512,97986,110156,63814,80730,84504,101150,79040,60758,84342,88926,60812,91874,57756,82760,66816,57648,105302,72874,86680,91874,60704,82706,74564,80568,85762,90346,85152,56228,81286,98094,88262,80568,81286,102516,56228,122650,83624,99568,97376,53172,82706,99676,65288,57702,87290,84288,60704,80730,81232,101204,57810,66924,117796,99460,66924,53064,82706,90454,62394,65342,78230,122434,82258,71454,110264,81340,66924,85152,110264,86032,71184,73036,96566,88980,69818,66816,87452,79758,59068,63922,88764,76972,77242,90670,65342,78500,74078,56120,116376,66816,66816,108682,96458,68398,62286,113320,97986,64462,83030,114740,72928,71130,75498,88818,71454,72766,102894,72388,91874,56174,59230,84288,65288,62286,78122,87452,91372,119486,63922,79704,91874,60758,94320,87398,57702,71454,97986,82652,79040,63814,93456,59176,81286,74510,87344,57702,90346,59230,82922,62286,81286,82096,101042,54646,105572,54592,84504,68398,94930,86788,76756,85924,63868,53118,81232,85816,91318,80568,82922,84288,88208,80730,82814,84234,82096,62232,93402,91318,99568,92792,110264,62286,90724,60812,97932,102624,74456,68452,104206,
5.101.158.166_19.19.19.31,265841,12224,20690,157000,207596,54592,82814,59176,77512,93348,72820,79474,139242,99814,84342,34172,99460,87344,54646,60758,87236,93456,66816,88208,97932,66816,93348,57648,68344,102570,63814,54646,85816,96404,63760,62232,116268,62286,93402,66924,79704,63814,91874,73090,81232,56174,102984,68668,82868,90346,71508,68344,85870,85762,54700,108072,105626,57648,79758,57648,84396,63814,87290,66924,87344,62286,90454,59284,99568,82814,57702,63814,88980,87290,76038,74456,87344,57702,127072,68344,87236,71400,85708,51590,66870,78230,81232,60812,54700,79704,93402,69926,65288,88764,97484,74456,102624,82706,62232,71508,81286,75174,63922,56228,99622,93456,96458,63868,86788,87236,71454,60758,92036,113320,66816,57702,104260,93402,81286,43394,87344,87290,60758,62232,84288,89034,69926,69872,93402,91928,56120,62286,107208,82760,83732,63976,84396,87290,59230,69872,84234,81340,66816,68452,88926,85978,97986,37228,93402,100988,63760,59230,85870,93510,97376,57702,87506,78176,66816,56174,84342,91820,60758,80730,93564,84342,99622,76146,66978,96512,81340,50170,81232,57756,88764,98904,57810,87290,87344,53064,68398,87290,96674,65342,98202,53118,87290,57810,96566,66924,101096,56174,82706,60704,91982,72928,71400,90508,88926,63760,86734,97932,79650,50116,59952,99514,84288,60866,74456,95038,82760,74618,56282,82706,98040,60758,69872,105626,82706,63814,62286,87344,78284,66870,71454,102678,104098,85206,102948,68452,102570,56120,68452,88764,123962,60758,56228,78230,93456,53118,73036,82706,84234,60758,71508,90346,65342,83624,90400,108628,79094,63760,130074,105124,88818,65288,84288,60758,84450,76092,87344,93456,68452,57810,81286,88764,68398,57756,88818,81340,71868,89898,90346,84234,66870,66816,101096,101096,57756,78392,60758,99568,81340,56228,60704,76648,134048,60704,104152,101096,77620,65288,90400,73754,79040,57648,85870,81286,65396,69872,
58.28.25.150_19.19.19.24,182879,19864,327916,57648,73970,15280,160434,91820,100988,71454,54538,84396,72982,94714,53118,85762,56390,102624,66870,97214,102732,88764,43340,87236,93402,59230,56174,99514,65288,81178,73036,88926,62232,94876,68344,68344,136132,134658,66870,83678,100988,82096,92792,94984,82652,65288,59230,91928,56174,82706,74456,63760,101042,91874,59230,56174,88818,88818,37228,99514,113320,57756,51644,93348,87290,60704,53172,84234,68344,85816,56174,104152,69926,108628,57702,80568,102516,93402,77512,82096,94876,56120,74456,84180,72982,105572,53064,66870,82652,122488,69926,57756,84342,78176,63760,56174,96404,84342,53118,54700,125598,75174,77620,82096,97986,85762,86788,66816,105734,119432,31116,104098,99838,107208,56228,60758,119378,90400,63760,86788,104044,76038,82814,88262,101096,57648,59230,96404,84180,69872,59176,97932,89790,105572,56228,87398,65342,85978,108180,82706,72982,88872,74456,63760,91820,91820,35700,87290,84180,79040,56228,88764,63760,116268,56282,87344,80622,84450,65450,88872,85816,72982,65288,117850,56120,104044,54592,88980,65288,96404,71400,60866,98040,84234,54592,77620,78230,99568,86680,66924,113266,92792,69872,90346,110156,75984,75984,73916,92036,80568,65288,93456,78500,87398,66816,89736,84234,85870,74510,66870,91928,119432,80622,63760,94876,83840,69872,93348,69872,90292,63760,111738,68452,88764,72928,57702,90346,93456,62232,71400,93456,75984,56174,90400,81232,92792,65396,93402,81124,75984,80568,108682,68452,88764,79148,81340,63922,87290,57648,93402,66816,110210,60704,72928,90292,62232,59230,88818,72496,110210,66870,94374,99514,101096,68398,56120,104044,62286,66870,90400,102516,53172,74456,79650,63814,88872,63760,85870,59230,85762,62340,111684,57756,96458,53118,74456,87290,78284,56174,59176,91874,116430,89790,57648,107208,63760,80568,84180,87236,71454,66816,87398,53118,85816,69872,88764,51590,88926,71508,85870,
62.44.96.38_19.19.19.3,116684,10974,35308,201108,200788,59284,79974,41920,96539,101976,113212,60650,81124,81610,75606,91426,87182,62286,101366,57648,94984,86032,75768,53550,84234,101150,72874,59230,107208,102678,74564,102014,120852,108844,56336,51590,85870,91874,66816,76038,95092,131818,68344,72928,93402,91928,62340,68398,87614,79758,57594,82760,71508,119378,62394,84450,62232,131656,74510,85708,76092,96512,60758,110264,82096,88872,76038,80568,115890,47546,84558,82652,74456,99904,76038,82150,94876,91874,46396,142352,119378,63868,92792,88818,84234,56282,68398,75174,84288,79812,56228,63868,94930,56174,53118,104098,78176,63868,60704,79758,91982,77566,56120,102570,88872,68344,51698,101042,107316,63814,56174,98040,93402,65396,66870,81232,79758,54700,80730,94930,116322,72928,68452,79650,59176,75282,79920,82150,90292,69872,63814,87290,96512,60758,57810,84234,63760,69926,82652,87398,75984,68398,87398,90400,65342,62016,112008,75174,56120,88100,87560,90400,68452,60704,85708,57648,88818,54646,59176,85870,94930,91372,74456,75174,108736,85152,78284,56120,79812,74510,79758,53118,87452,82204,98460,62508,82706,111236,86788,110156,81232,77512,68452,91982,85816,70034,59176,76648,107100,63868,77566,114794,82814,88262,57648,107154,65342,63760,91874,65288,93510,62286,90400,108790,73090,59230,97932,84288,86680,63760,107154,69926,113266,71454,93564,59230,81232,51590,82706,63814,90292,71454,63814,84180,91874,38756,122380,94930,79974,60920,74510,101042,96404,63814,69980,94876,57702,69980,104044,93348,65342,85152,91982,126408,98094,59230,119324,72982,91820,55132,90346,66816,91874,59230,88818,59176,91874,88208,66924,84288,84342,51644,91928,73036,104098,83624,51590,90400,91928,55024,91874,62646,116376,53172,88818,88980,72982,80622,75174,78176,53280,65288,133184,87344,66816,62286,90346,69872,119324,59176,66816,90400,117904,71616,93618,56174,82760,71400,90508,60866,
78.154.171.62_19.19.19.43,138667,185134,44892,45760,6112,0,333149,59176,90454,104352,67086,69764,96728,91820,70034,91156,116322,63760,87344,54592,77512,100988,91928,83678,102014,128492,72982,68344,82760,102516,59230,68344,88980,90454,50116,62232,81232,94320,81340,56120,81286,90454,77512,62232,116322,65288,75228,54592,105572,54754,93510,54592,82760,57648,85762,65342,63814,85762,78176,79040,62232,93402,60758,66816,90346,85762,66816,91264,90400,59176,102516,68398,103068,60704,117850,62232,59176,87236,69980,57648,82652,102516,77512,63760,88926,73036,91874,74510,93402,65288,82760,89736,80622,91874,84234,68344,65342,116376,54592,74510,107100,85762,62232,60704,81178,59176,79812,72982,85762,83624,107316,62340,85978,81232,59284,65396,79650,62232,90292,62232,68344,97986,99460,80622,83678,81124,88872,57756,62286,110156,65396,77512,98040,123962,47168,63814,97986,84288,57756,79094,102570,88926,85152,62286,98040,99514,72928,68398,82814,69926,91928,60812,84180,53172,119486,62286,84234,92792,100988,79094,79094,90346,87344,77566,60758,97986,76810,56366,87452,56174,88818,62340,68344,79650,99460,76038,77512,110210,78284,59284,79040,88764,60758,66924,94876,60704,97932,97376,105734,85152,91820,63814,104206,66924,85762,54592,54700,79596,85708,68452,50116,90400,94930,54754,57756,133076,98040,62286,83624,88764,74510,57648,81232,59176,101096,75984,85816,56174,84234,65288,85870,59284,93456,60758,79040,93348,90346,89736,114238,90346,87344,53172,68452,94984,59176,86680,79866,82760,99514,72372,133076,102570,77512,63760,96458,60758,99514,60704,81232,68398,85870,53118,90400,57702,79704,59230,63760,88764,82652,28060,110318,105572,83624,60812,91874,94876,71454,68344,87344,59230,82652,82096,74456,110210,84342,60704,50116,76648,104152,71454,71454,96458,79812,74456,88316,91874,127018,55564,100988,87236,69872,50116,84234,82868,80622,54646,88764,60704,85708,54646,
78.96.7.8_19.19.19.30,120884,53780,35484,12224,44312,88372,3056,57416,212418,136878,119216,63814,80028,91928,72820,76810,77512,85152,94984,57648,85762,98310,70034,110156,71400,86680,84234,65288,111684,57756,85708,62232,78338,82258,82760,69872,104098,72928,86734,113212,97986,65288,59284,85708,62232,63760,133134,77458,104044,62232,69872,97932,62232,74456,81124,54592,101042,68344,59176,78122,119432,57648,56228,102570,108682,69872,85152,87236,60704,57648,96404,69872,107544,60704,63760,113212,114794,62286,62232,85762,57702,54592,94930,60758,79596,74456,91820,60704,110156,79040,60758,102516,54592,56120,91874,65288,96404,72928,84234,66924,94876,56120,83624,96458,74456,63760,84180,82814,71454,77512,85870,91928,53118,65288,81124,80568,90454,65342,81232,71454,94984,66870,84234,62286,93348,83624,79040,84234,65342,62232,96404,93402,94320,54592,85762,65396,84180,57648,85152,94930,127018,69872,82096,111738,65288,68344,88818,77512,94876,51644,84180,51698,88764,66816,108126,84234,98040,63760,63760,94930,71400,71400,99568,93510,63868,72928,107154,62232,93402,68398,99460,62448,85708,69872,89736,85708,87236,91264,79040,96458,69872,94320,105842,84234,68344,63814,96566,105788,63814,88262,52978,12224,9168,271864,79974,119432,104044,60704,71400,78284,62232,72820,90508,53172,94930,59122,99514,66816,90346,57756,63760,100988,105680,77566,66816,119486,72928,66816,97932,94930,63760,63814,146828,97376,87236,63814,79040,88872,96404,37228,94876,91982,62286,63760,85870,78176,102068,76092,88818,102570,83624,63760,93402,66924,84180,51590,104152,56120,81124,72928,73036,110156,93402,63760,74456,107154,63760,74456,98094,98094,85152,68344,93348,71400,117850,74456,60704,96404,93456,59176,94320,97932,65288,74456,82652,53064,93348,54592,69872,97932,99622,85206,71400,96458,63760,66816,79704,96458,54592,91264,79650,56336,97986,51590,95038,68398,110156,85152,59230,130020,
95.173.191.11_19.19.19.42,181048,210748,84398,62394,95300,77512,93564,95200,89628,36186,131510,90400,79040,86140,79256,111684,100270,74510,90454,85206,93294,60974,108520,53334,96404,47276,82706,68452,82652,66816,90400,69926,102678,103542,111792,60758,84180,71400,59230,88872,96566,66870,62286,102624,90454,68452,93564,57702,108682,59176,62232,87344,79596,66870,54592,87236,60704,89736,99460,80568,94984,82150,79704,63814,84234,79148,94984,98310,54592,54592,79758,57648,93456,65342,90400,69926,116322,79040,92846,98040,85708,60704,68398,114794,63760,69980,93348,87398,96620,29588,96458,90292,69926,60704,79650,76038,105572,56174,80568,85708,93402,56174,65288,101042,90400,61676,88764,91928,68452,63868,99460,78122,82096,63868,99460,71508,110264,91372,93510,102624,71454,72982,119432,100432,82760,89736,113428,71400,101096,80622,91820,60758,82706,51752,104206,63814,85870,89844,98202,59176,93456,60758,92144,110156,66924,56228,91982,105626,60812,54646,93348,68398,97986,63760,93402,73036,113320,60758,87236,69872,93456,82150,66816,84234,77512,56120,88872,95038,85206,60812,81232,78230,85152,85870,71454,88764,60704,63760,85816,74510,87290,65288,97932,107694,68398,63814,85708,62232,100988,80676,93348,89736,97932,62286,57648,108682,111846,57756,63814,101096,78284,54592,79148,99568,111846,62286,65342,94876,90346,26532,78122,108736,71400,60758,87236,60704,85762,74456,98094,60812,93348,69926,81340,80622,97986,59230,102624,86680,105626,57756,91928,60758,121122,56120,94984,88208,98040,74456,66870,81178,59176,54592,93402,104044,54592,60704,91928,54646,98094,62232,90400,72982,125490,54592,65396,81178,96512,85152,54700,110210,120960,54700,53118,97986,76648,62232,60812,94876,56120,68398,92090,79704,105734,50980,93348,93510,71400,59338,93456,96458,56228,56174,85816,92036,82760,74510,98904,88872,69872,57756,116268,104152,76092,66870,88980,104152,68398,57648,104152,99784,
